perturbation,severity,severity_percent,run,seed,accuracy,accuracy_drop
typo,0.05,5,1,1,0.8003246753246753,0.058441558441558406
typo,0.05,5,2,7,0.8071428571428572,0.05162337662337657
typo,0.05,5,3,21,0.8058441558441558,0.052922077922077926
typo,0.05,5,4,42,0.798051948051948,0.06071428571428572
typo,0.05,5,5,84,0.7987012987012987,0.06006493506493504
typo,0.05,5,6,123,0.7987012987012987,0.06006493506493504
typo,0.05,5,7,256,0.7964285714285714,0.06233766233766236
typo,0.05,5,8,512,0.7977272727272727,0.061038961038961004
typo,0.05,5,9,1024,0.7948051948051948,0.06396103896103889
typo,0.05,5,10,2026,0.8042207792207792,0.054545454545454564
typo,0.1,10,1,1,0.7987012987012987,0.06006493506493504
typo,0.1,10,2,7,0.7957792207792208,0.06298701298701292
typo,0.1,10,3,21,0.8006493506493506,0.05811688311688312
typo,0.1,10,4,42,0.800974025974026,0.05779220779220773
typo,0.1,10,5,84,0.8090909090909091,0.04967532467532465
typo,0.1,10,6,123,0.8077922077922078,0.050974025974025894
typo,0.1,10,7,256,0.8006493506493506,0.05811688311688312
typo,0.1,10,8,512,0.8012987012987013,0.057467532467532445
typo,0.1,10,9,1024,0.7987012987012987,0.06006493506493504
typo,0.1,10,10,2026,0.8032467532467532,0.055519480519480524
typo,0.2,20,1,1,0.7853896103896104,0.07337662337662332
typo,0.2,20,2,7,0.7730519480519481,0.08571428571428563
typo,0.2,20,3,21,0.7795454545454545,0.07922077922077919
typo,0.2,20,4,42,0.7665584415584416,0.09220779220779218
typo,0.2,20,5,84,0.7688311688311689,0.08993506493506487
typo,0.2,20,6,123,0.7691558441558441,0.08961038961038958
typo,0.2,20,7,256,0.7691558441558441,0.08961038961038958
typo,0.2,20,8,512,0.7701298701298701,0.08863636363636362
typo,0.2,20,9,1024,0.772077922077922,0.0866883116883117
typo,0.2,20,10,2026,0.7808441558441559,0.07792207792207784
typo,0.3,30,1,1,0.7107142857142857,0.148051948051948
typo,0.3,30,2,7,0.7103896103896103,0.14837662337662338
typo,0.3,30,3,21,0.714935064935065,0.14383116883116875
typo,0.3,30,4,42,0.7048701298701299,0.15389610389610386
typo,0.3,30,5,84,0.7087662337662337,0.15000000000000002
typo,0.3,30,6,123,0.7025974025974026,0.15616883116883118
typo,0.3,30,7,256,0.712987012987013,0.1457792207792208
typo,0.3,30,8,512,0.712987012987013,0.1457792207792208
typo,0.3,30,9,1024,0.6996753246753247,0.15909090909090906
typo,0.3,30,10,2026,0.7178571428571429,0.14090909090909087
typo,0.4,40,1,1,0.6474025974025974,0.2113636363636363
typo,0.4,40,2,7,0.6383116883116883,0.22045454545454546
typo,0.4,40,3,21,0.6532467532467533,0.20551948051948044
typo,0.4,40,4,42,0.6438311688311689,0.21493506493506487
typo,0.4,40,5,84,0.6480519480519481,0.21071428571428563
typo,0.4,40,6,123,0.6490259740259741,0.20974025974025967
typo,0.4,40,7,256,0.6477272727272727,0.21103896103896103
typo,0.4,40,8,512,0.6480519480519481,0.21071428571428563
typo,0.4,40,9,1024,0.6386363636363637,0.22012987012987006
typo,0.4,40,10,2026,0.6542207792207793,0.20454545454545447
char_delete,0.05,5,1,1,0.7649350649350649,0.09383116883116882
char_delete,0.05,5,2,7,0.7685064935064935,0.09025974025974026
char_delete,0.05,5,3,21,0.7743506493506493,0.08441558441558439
char_delete,0.05,5,4,42,0.7711038961038961,0.08766233766233766
char_delete,0.05,5,5,84,0.7668831168831168,0.0918831168831169
char_delete,0.05,5,6,123,0.7662337662337663,0.09253246753246747
char_delete,0.05,5,7,256,0.7714285714285715,0.08733766233766227
char_delete,0.05,5,8,512,0.7753246753246753,0.08344155844155843
char_delete,0.05,5,9,1024,0.7694805194805194,0.0892857142857143
char_delete,0.05,5,10,2026,0.7711038961038961,0.08766233766233766
char_delete,0.1,10,1,1,0.7737012987012987,0.08506493506493507
char_delete,0.1,10,2,7,0.7724025974025974,0.08636363636363631
char_delete,0.1,10,3,21,0.7727272727272727,0.08603896103896103
char_delete,0.1,10,4,42,0.772077922077922,0.0866883116883117
char_delete,0.1,10,5,84,0.7659090909090909,0.09285714285714286
char_delete,0.1,10,6,123,0.7678571428571429,0.09090909090909083
char_delete,0.1,10,7,256,0.7753246753246753,0.08344155844155843
char_delete,0.1,10,8,512,0.7613636363636364,0.09740259740259738
char_delete,0.1,10,9,1024,0.7668831168831168,0.0918831168831169
char_delete,0.1,10,10,2026,0.7678571428571429,0.09090909090909083
char_delete,0.2,20,1,1,0.7685064935064935,0.09025974025974026
char_delete,0.2,20,2,7,0.7603896103896104,0.09837662337662334
char_delete,0.2,20,3,21,0.7655844155844156,0.09318181818181814
char_delete,0.2,20,4,42,0.7724025974025974,0.08636363636363631
char_delete,0.2,20,5,84,0.7659090909090909,0.09285714285714286
char_delete,0.2,20,6,123,0.763961038961039,0.09480519480519478
char_delete,0.2,20,7,256,0.7733766233766234,0.08538961038961035
char_delete,0.2,20,8,512,0.7568181818181818,0.1019480519480519
char_delete,0.2,20,9,1024,0.7711038961038961,0.08766233766233766
char_delete,0.2,20,10,2026,0.7691558441558441,0.08961038961038958
char_delete,0.3,30,1,1,0.7288961038961039,0.1298701298701298
char_delete,0.3,30,2,7,0.736038961038961,0.12272727272727268
char_delete,0.3,30,3,21,0.7415584415584415,0.1172077922077922
char_delete,0.3,30,4,42,0.736038961038961,0.12272727272727268
char_delete,0.3,30,5,84,0.7259740259740259,0.1327922077922078
char_delete,0.3,30,6,123,0.7438311688311688,0.11493506493506489
char_delete,0.3,30,7,256,0.7422077922077922,0.11655844155844153
char_delete,0.3,30,8,512,0.7422077922077922,0.11655844155844153
char_delete,0.3,30,9,1024,0.7366883116883117,0.12207792207792201
char_delete,0.3,30,10,2026,0.7457792207792208,0.11298701298701297
char_delete,0.4,40,1,1,0.7123376623376624,0.14642857142857135
char_delete,0.4,40,2,7,0.6970779220779221,0.16168831168831166
char_delete,0.4,40,3,21,0.7032467532467532,0.1555194805194805
char_delete,0.4,40,4,42,0.7016233766233766,0.15714285714285714
char_delete,0.4,40,5,84,0.7107142857142857,0.148051948051948
char_delete,0.4,40,6,123,0.7003246753246753,0.15844155844155838
char_delete,0.4,40,7,256,0.7042207792207792,0.15454545454545454
char_delete,0.4,40,8,512,0.6935064935064935,0.16525974025974022
char_delete,0.4,40,9,1024,0.6967532467532468,0.16201298701298694
char_delete,0.4,40,10,2026,0.7,0.15876623376623378
word_delete,0.05,5,1,1,0.8048701298701298,0.053896103896103886
word_delete,0.05,5,2,7,0.7993506493506494,0.059415584415584366
word_delete,0.05,5,3,21,0.8055194805194805,0.05324675324675321
word_delete,0.05,5,4,42,0.801948051948052,0.05681818181818177
word_delete,0.05,5,5,84,0.8032467532467532,0.055519480519480524
word_delete,0.05,5,6,123,0.8097402597402598,0.04902597402597397
word_delete,0.05,5,7,256,0.799025974025974,0.05974025974025976
word_delete,0.05,5,8,512,0.810064935064935,0.04870129870129869
word_delete,0.05,5,9,1024,0.8097402597402598,0.04902597402597397
word_delete,0.05,5,10,2026,0.8103896103896104,0.048376623376623296
word_delete,0.1,10,1,1,0.8003246753246753,0.058441558441558406
word_delete,0.1,10,2,7,0.8077922077922078,0.050974025974025894
word_delete,0.1,10,3,21,0.800974025974026,0.05779220779220773
word_delete,0.1,10,4,42,0.8025974025974026,0.05616883116883109
word_delete,0.1,10,5,84,0.7993506493506494,0.059415584415584366
word_delete,0.1,10,6,123,0.801948051948052,0.05681818181818177
word_delete,0.1,10,7,256,0.8022727272727272,0.056493506493506485
word_delete,0.1,10,8,512,0.8061688311688312,0.05259740259740253
word_delete,0.1,10,9,1024,0.7967532467532468,0.062012987012986964
word_delete,0.1,10,10,2026,0.8038961038961039,0.05487012987012985
word_delete,0.2,20,1,1,0.7574675324675325,0.10129870129870122
word_delete,0.2,20,2,7,0.7581168831168831,0.10064935064935066
word_delete,0.2,20,3,21,0.7665584415584416,0.09220779220779218
word_delete,0.2,20,4,42,0.7616883116883116,0.0970779220779221
word_delete,0.2,20,5,84,0.7568181818181818,0.1019480519480519
word_delete,0.2,20,6,123,0.7685064935064935,0.09025974025974026
word_delete,0.2,20,7,256,0.7681818181818182,0.09058441558441555
word_delete,0.2,20,8,512,0.7610389610389611,0.09772727272727266
word_delete,0.2,20,9,1024,0.7704545454545455,0.08831168831168823
word_delete,0.2,20,10,2026,0.7746753246753246,0.0840909090909091
word_delete,0.3,30,1,1,0.6928571428571428,0.1659090909090909
word_delete,0.3,30,2,7,0.6961038961038961,0.16266233766233762
word_delete,0.3,30,3,21,0.6964285714285714,0.16233766233766234
word_delete,0.3,30,4,42,0.7055194805194805,0.1532467532467532
word_delete,0.3,30,5,84,0.7,0.15876623376623378
word_delete,0.3,30,6,123,0.7,0.15876623376623378
word_delete,0.3,30,7,256,0.700974025974026,0.1577922077922077
word_delete,0.3,30,8,512,0.7006493506493506,0.1581168831168831
word_delete,0.3,30,9,1024,0.6866883116883117,0.17207792207792205
word_delete,0.3,30,10,2026,0.702922077922078,0.15584415584415579
word_delete,0.4,40,1,1,0.6399350649350649,0.21883116883116882
word_delete,0.4,40,2,7,0.6288961038961038,0.2298701298701299
word_delete,0.4,40,3,21,0.6275974025974026,0.23116883116883113
word_delete,0.4,40,4,42,0.6357142857142857,0.22305194805194806
word_delete,0.4,40,5,84,0.6211038961038962,0.23766233766233757
word_delete,0.4,40,6,123,0.6298701298701299,0.22889610389610382
word_delete,0.4,40,7,256,0.6308441558441559,0.22792207792207786
word_delete,0.4,40,8,512,0.6311688311688312,0.22759740259740258
word_delete,0.4,40,9,1024,0.6350649350649351,0.22370129870129862
word_delete,0.4,40,10,2026,0.6373376623376623,0.22142857142857142
