dataset,perturbation,seed,word_accuracy,char_accuracy,accuracy_difference,word_retention,char_retention,retention_difference,word_relative_drop,char_relative_drop,relative_drop_difference
banking77,typo,1,0.7951298701298701,0.8564935064935065,0.0613636363636364,0.8928180823915421,0.9475574712643678,0.0547393888728257,0.1071819176084579,0.0524425287356321,-0.0547393888728258
banking77,typo,7,0.7925324675324675,0.8483766233766233,0.05584415584415581,0.8899015676266862,0.9385775862068966,0.04867601858021042,0.1100984323733138,0.0614224137931034,-0.04867601858021041
banking77,typo,21,0.7977272727272727,0.8594155844155844,0.06168831168831168,0.8957345971563981,0.9507902298850576,0.05505563272865943,0.1042654028436019,0.0492097701149425,-0.055055632728659404
banking77,typo,42,0.787012987012987,0.8461038961038961,0.05909090909090908,0.8837039737513671,0.9360632183908046,0.05235924463943753,0.1162960262486328,0.0639367816091953,-0.0523592446394375
banking77,typo,84,0.798051948051948,0.8568181818181818,0.0587662337662338,0.8960991615020051,0.9479166666666669,0.05181750516466177,0.1039008384979949,0.0520833333333333,-0.051817505164661604
banking77,typo,123,0.799025974025974,0.8512987012987013,0.05227272727272736,0.897192854538826,0.9418103448275864,0.044617490288760386,0.1028071454611739,0.0581896551724137,-0.04461749028876019
banking77,typo,256,0.7935064935064935,0.8512987012987013,0.05779220779220784,0.8909952606635071,0.9418103448275864,0.050815084164079316,0.1090047393364929,0.0581896551724137,-0.050815084164079205
banking77,typo,512,0.798051948051948,0.862987012987013,0.06493506493506496,0.8960991615020051,0.9547413793103448,0.05864221780833967,0.1039008384979949,0.0452586206896551,-0.0586422178083398
banking77,typo,1024,0.7957792207792208,0.8506493506493507,0.05487012987012985,0.8935472110827561,0.9410919540229884,0.047544742940232254,0.1064527889172438,0.0589080459770114,-0.0475447429402324
banking77,typo,2026,0.7961038961038961,0.8477272727272728,0.05162337662337668,0.8939117754283631,0.9378591954022988,0.0439474199739357,0.1060882245716369,0.062140804597701,-0.0439474199739359
banking77,char_delete,1,0.8191558441558442,0.8896103896103896,0.07045454545454544,0.91979584396646,0.9841954022988506,0.06439955833239064,0.0802041560335398,0.0158045977011493,-0.0643995583323905
banking77,char_delete,7,0.8295454545454546,0.8860389610389611,0.056493506493506485,0.9314619030258842,0.9802442528735632,0.04878234984767904,0.0685380969741158,0.0197557471264367,-0.048782349847679096
banking77,char_delete,21,0.8207792207792208,0.8827922077922078,0.062012987012986964,0.9216186656944952,0.9766522988505748,0.055033633156079564,0.0783813343055048,0.0233477011494252,-0.0550336331560796
banking77,char_delete,42,0.8133116883116883,0.8818181818181818,0.06850649350649352,0.913233685745534,0.9755747126436782,0.06234102689814425,0.0867663142544659,0.0244252873563217,-0.062341026898144206
banking77,char_delete,84,0.8211038961038961,0.8837662337662338,0.06266233766233764,0.921983230040102,0.9777298850574712,0.055746655017369195,0.0780167699598979,0.0222701149425287,-0.055746655017369195
banking77,char_delete,123,0.8175324675324676,0.8853896103896104,0.06785714285714284,0.9179730222384253,0.9795258620689656,0.061552839830540385,0.0820269777615749,0.0204741379310344,-0.0615528398305405
banking77,char_delete,256,0.8123376623376624,0.8814935064935064,0.06915584415584408,0.9121399927087132,0.9752155172413792,0.06307552453266607,0.0878600072912868,0.0247844827586207,-0.0630755245326661
banking77,char_delete,512,0.8224025974025974,0.8873376623376623,0.06493506493506496,0.92344148742253,0.9816810344827588,0.058239547060228825,0.0765585125774699,0.0183189655172413,-0.0582395470602286
banking77,char_delete,1024,0.8159090909090909,0.8857142857142857,0.06980519480519476,0.91615020051039,0.9798850574712644,0.06373485696087444,0.0838497994896099,0.0201149425287356,-0.0637348569608743
banking77,char_delete,2026,0.8201298701298702,0.8795454545454545,0.059415584415584366,0.9208895370032812,0.9730603448275862,0.05217080782430494,0.0791104629967189,0.0269396551724137,-0.05217080782430519
banking77,word_delete,1,0.7899350649350649,0.7915584415584416,0.0016233766233766378,0.8869850528618302,0.8757183908045978,-0.011266662057232368,0.1130149471381699,0.1242816091954022,0.011266662057232299
banking77,word_delete,7,0.7876623376623376,0.7948051948051948,0.0071428571428572285,0.8844331024425811,0.8793103448275863,-0.005122757614994811,0.1155668975574189,0.1206896551724137,0.005122757614994797
banking77,word_delete,21,0.7912337662337663,0.7961038961038961,0.004870129870129802,0.8884433102442582,0.8807471264367817,-0.007696183807476498,0.1115566897557418,0.1192528735632183,0.007696183807476498
banking77,word_delete,42,0.7805194805194805,0.7967532467532468,0.016233766233766267,0.8764126868392271,0.8814655172413793,0.005052830402152209,0.1235873131607729,0.1185344827586206,-0.005052830402152306
banking77,word_delete,84,0.7831168831168831,0.7905844155844156,0.007467532467532512,0.8793292016040831,0.8746408045977012,-0.004688397006381906,0.1206707983959169,0.1253591954022987,0.004688397006381795
banking77,word_delete,123,0.7831168831168831,0.787012987012987,0.003896103896103953,0.8793292016040831,0.8706896551724139,-0.008639546431669198,0.1206707983959169,0.1293103448275861,0.008639546431669198
banking77,word_delete,256,0.7792207792207793,0.7853896103896104,0.006168831168831157,0.8749544294567991,0.8688936781609196,-0.006060751295879574,0.1250455705432008,0.1311063218390804,0.006060751295879574
banking77,word_delete,512,0.7892857142857143,0.7896103896103897,0.00032467532467539417,0.886255924170616,0.8735632183908046,-0.012692705779811408,0.1137440758293839,0.1264367816091953,0.012692705779811408
banking77,word_delete,1024,0.7844155844155845,0.7876623376623376,0.0032467532467531646,0.8807874589865111,0.8714080459770115,-0.009379413009499626,0.1192125410134888,0.1285919540229885,0.00937941300949971
banking77,word_delete,2026,0.7818181818181819,0.801948051948052,0.02012987012987011,0.8778709442216551,0.887212643678161,0.00934169945650587,0.1221290557783448,0.112787356321839,-0.0093416994565058
clinc150,typo,1,0.8113333333333334,0.8568888888888889,0.04555555555555557,0.8902706656912949,0.9350145489815712,0.04474388329027634,0.1097293343087051,0.0649854510184286,-0.044743883290276495
clinc150,typo,7,0.8135555555555556,0.8553333333333333,0.04177777777777769,0.8927090953425995,0.933317167798254,0.040608072455654565,0.1072909046574006,0.0666828322017458,-0.0406080724556548
clinc150,typo,21,0.8024444444444444,0.8446666666666667,0.04222222222222227,0.8805169470860765,0.921677982541222,0.04116103545514549,0.1194830529139234,0.0783220174587778,-0.0411610354551456
clinc150,typo,42,0.8148888888888889,0.8608888888888889,0.04600000000000004,0.894172153133382,0.9393792434529584,0.04520709031957637,0.1058278468666178,0.0606207565470416,-0.0452070903195762
clinc150,typo,84,0.8082222222222222,0.8506666666666667,0.04244444444444451,0.8868568641794684,0.9282250242483028,0.04136816006883437,0.1131431358205316,0.0717749757516973,-0.0413681600688343
clinc150,typo,123,0.8168888888888889,0.8548888888888889,0.038000000000000034,0.8963667398195562,0.932832201745878,0.03646546192632183,0.1036332601804437,0.0671677982541221,-0.03646546192632161
clinc150,typo,256,0.814,0.8535555555555555,0.039555555555555566,0.8931967812728602,0.9313773035887488,0.03818052231588864,0.1068032187271397,0.0686226964112512,-0.038180522315888504
clinc150,typo,512,0.8142222222222222,0.854,0.0397777777777778,0.8934406242379906,0.9318622696411252,0.03842164540313453,0.1065593757620093,0.0681377303588748,-0.0384216454031345
clinc150,typo,1024,0.8093333333333333,0.8628888888888889,0.05355555555555558,0.8880760790051208,0.941561590688652,0.05348551168353122,0.1119239209948792,0.0584384093113481,-0.053485511683531106
clinc150,typo,2026,0.8068888888888889,0.8486666666666667,0.0417777777777778,0.8853938063886857,0.9260426770126092,0.04064887062392353,0.1146061936113143,0.0739573229873908,-0.0406488706239235
clinc150,char_delete,1,0.8315555555555556,0.89,0.05844444444444441,0.9124603755181664,0.9711445198836082,0.05868414436544178,0.0875396244818336,0.0288554801163917,-0.05868414436544189
clinc150,char_delete,7,0.8373333333333334,0.8875555555555555,0.05022222222222217,0.9188002926115582,0.9684772065955384,0.04967691398398022,0.0811997073884417,0.0315227934044616,-0.0496769139839801
clinc150,char_delete,21,0.8371111111111111,0.8864444444444445,0.04933333333333334,0.9185564496464276,0.9672647914645977,0.048708341818170076,0.0814435503535722,0.0327352085354024,-0.048708341818169805
clinc150,char_delete,42,0.8424444444444444,0.8917777777777778,0.04933333333333334,0.9244086808095586,0.9730843840931136,0.04867570328355497,0.0755913191904413,0.0269156159068864,-0.0486757032835549
clinc150,char_delete,84,0.8373333333333334,0.8904444444444445,0.05311111111111111,0.9188002926115582,0.9716294859359844,0.05282919332442626,0.0811997073884417,0.0283705140640154,-0.0528291933244263
clinc150,char_delete,123,0.8368888888888889,0.8911111111111111,0.05422222222222217,0.9183126066812972,0.972356935014549,0.05404432833325179,0.0816873933187027,0.027643064985451,-0.0540443283332517
clinc150,char_delete,256,0.8351111111111111,0.89,0.054888888888888876,0.9163618629602536,0.9711445198836082,0.0547826569233546,0.0836381370397463,0.0288554801163917,-0.0547826569233546
clinc150,char_delete,512,0.8355555555555556,0.8915555555555555,0.05599999999999994,0.9168495488905146,0.9728419010669254,0.05599235217641074,0.0831504511094854,0.0271580989330746,-0.0559923521764108
clinc150,char_delete,1024,0.8357777777777777,0.886,0.05022222222222228,0.9170933918556448,0.9667798254122212,0.049686433556576426,0.082906608144355,0.0332201745877787,-0.04968643355657631
clinc150,char_delete,2026,0.8337777777777777,0.8864444444444445,0.05266666666666675,0.9148988051694708,0.9672647914645977,0.0523659862951269,0.0851011948305291,0.0327352085354024,-0.0523659862951267
clinc150,word_delete,1,0.8111111111111111,0.8075555555555556,-0.003555555555555534,0.8900268227261644,0.8811833171677983,-0.008843505558366105,0.1099731772738356,0.1188166828322016,0.008843505558366008
clinc150,word_delete,7,0.814,0.8124444444444444,-0.0015555555555555323,0.8931967812728602,0.8865179437439379,-0.006678837528922288,0.1068032187271397,0.113482056256062,0.006678837528922302
clinc150,word_delete,21,0.8075555555555556,0.8057777777777778,-0.001777777777777767,0.8861253352840771,0.879243452958293,-0.006881882325784128,0.1138746647159229,0.1207565470417069,0.006881882325783989
clinc150,word_delete,42,0.8137777777777778,0.8117777777777778,-0.0020000000000000018,0.8929529383077299,0.8857904946653735,-0.007162443642356409,0.1070470616922701,0.1142095053346264,0.007162443642356298
clinc150,word_delete,84,0.8086666666666666,0.8115555555555556,0.002888888888888941,0.8873445501097293,0.8855480116391853,-0.0017965384705440623,0.1126554498902706,0.1144519883608146,0.0017965384705440068
clinc150,word_delete,123,0.8066666666666666,0.8077777777777778,0.0011111111111111738,0.8851499634235552,0.8814258001939865,-0.0037241632295687,0.1148500365764448,0.1185741998060134,0.003724163229568603
clinc150,word_delete,256,0.8102222222222222,0.8115555555555556,0.0013333333333334085,0.8890514508656425,0.8855480116391853,-0.003503439226457239,0.1109485491343575,0.1144519883608146,0.0035034392264571
clinc150,word_delete,512,0.8004444444444444,0.8053333333333333,0.004888888888888943,0.8783223603999024,0.8787584869059166,0.00043612650601421166,0.1216776396000975,0.1212415130940833,-0.0004361265060141978
clinc150,word_delete,1024,0.8068888888888889,0.8095555555555556,0.002666666666666706,0.8853938063886857,0.8833656644034918,-0.0020281419851938542,0.1146061936113143,0.1166343355965081,0.0020281419851937987
clinc150,word_delete,2026,0.8066666666666666,0.8093333333333333,0.002666666666666706,0.8851499634235552,0.8831231813773036,-0.0020267820462516184,0.1148500365764448,0.1168768186226963,0.0020267820462515074
hwu64,typo,1,0.7611524163568774,0.8197026022304833,0.05855018587360594,0.8854054054054055,0.934322033898305,0.04891662849289957,0.1145945945945945,0.0656779661016949,-0.0489166284928996
hwu64,typo,7,0.7611524163568774,0.8141263940520446,0.05297397769516721,0.8854054054054055,0.9279661016949152,0.04256069628950976,0.1145945945945945,0.0720338983050848,-0.0425606962895097
hwu64,typo,21,0.766728624535316,0.8262081784386617,0.059479553903345694,0.8918918918918919,0.9417372881355932,0.04984539624370132,0.108108108108108,0.0582627118644068,-0.049845396243701205
hwu64,typo,42,0.766728624535316,0.8159851301115242,0.0492565055762082,0.8918918918918919,0.9300847457627118,0.03819285387081994,0.108108108108108,0.0699152542372881,-0.0381928538708199
hwu64,typo,84,0.7778810408921933,0.8234200743494424,0.04553903345724908,0.904864864864865,0.9385593220338982,0.0336944571690333,0.095135135135135,0.0614406779661017,-0.0336944571690333
hwu64,typo,123,0.7620817843866171,0.8150557620817844,0.05297397769516732,0.8864864864864865,0.9290254237288136,0.042538937242327046,0.1135135135135134,0.0709745762711864,-0.04253893724232699
hwu64,typo,256,0.7760223048327137,0.828996282527881,0.05297397769516732,0.9027027027027028,0.944915254237288,0.04221255153458514,0.0972972972972972,0.0550847457627119,-0.04221255153458531
hwu64,typo,512,0.7788104089219331,0.8280669144981413,0.0492565055762082,0.905945945945946,0.9438559322033898,0.037909986257443795,0.094054054054054,0.0561440677966101,-0.03790998625744389
hwu64,typo,1024,0.7723048327137546,0.8104089219330854,0.03810408921933084,0.8983783783783784,0.923728813559322,0.025350435180943598,0.1016216216216216,0.076271186440678,-0.025350435180943598
hwu64,typo,2026,0.7732342007434945,0.820631970260223,0.04739776951672858,0.8994594594594596,0.9353813559322034,0.0359218964727438,0.1005405405405404,0.0646186440677966,-0.0359218964727438
hwu64,char_delete,1,0.7964684014869888,0.8513011152416357,0.05483271375464682,0.9264864864864863,0.9703389830508472,0.043852496564360854,0.0735135135135135,0.0296610169491526,-0.043852496564360896
hwu64,char_delete,7,0.7676579925650557,0.8466542750929368,0.07899628252788105,0.892972972972973,0.965042372881356,0.07206939990838301,0.107027027027027,0.0349576271186441,-0.0720693999083829
hwu64,char_delete,21,0.7806691449814126,0.8429368029739777,0.06226765799256506,0.908108108108108,0.9608050847457626,0.0526969766376546,0.0918918918918919,0.0391949152542373,-0.052696976637654595
hwu64,char_delete,42,0.7927509293680297,0.8447955390334573,0.052044609665427566,0.9221621621621622,0.9629237288135593,0.040761566651397074,0.0778378378378378,0.0370762711864407,-0.04076156665139711
hwu64,char_delete,84,0.7825278810408922,0.8578066914498141,0.07527881040892193,0.9102702702702704,0.9777542372881356,0.06748396701786519,0.0897297297297296,0.0222457627118644,-0.0674839670178652
hwu64,char_delete,123,0.7871747211895911,0.8438661710037175,0.05669144981412644,0.9156756756756758,0.961864406779661,0.04618873110398525,0.0843243243243242,0.0381355932203389,-0.046188731103985296
hwu64,char_delete,256,0.7695167286245354,0.8447955390334573,0.07527881040892193,0.8951351351351352,0.9629237288135593,0.06778859367842405,0.1048648648648647,0.0370762711864407,-0.06778859367842399
hwu64,char_delete,512,0.8011152416356877,0.8513011152416357,0.05018587360594795,0.931891891891892,0.9703389830508472,0.03844709115895517,0.0681081081081081,0.0296610169491526,-0.038447091158955504
hwu64,char_delete,1024,0.7881040892193308,0.8513011152416357,0.06319702602230481,0.9167567567567568,0.9703389830508472,0.053582226294090374,0.0832432432432432,0.0296610169491526,-0.053582226294090596
hwu64,char_delete,2026,0.7806691449814126,0.8475836431226765,0.06691449814126393,0.908108108108108,0.966101694915254,0.05799358680714595,0.0918918918918919,0.0338983050847458,-0.0579935868071461
hwu64,word_delete,1,0.7602230483271375,0.7732342007434945,0.013011152416356975,0.8843243243243243,0.8813559322033898,-0.002968392120934471,0.1156756756756757,0.1186440677966101,0.0029683921209344016
hwu64,word_delete,7,0.7630111524163569,0.79182156133829,0.028810408921933095,0.8875675675675676,0.902542372881356,0.014974805313788364,0.1124324324324324,0.0974576271186441,-0.014974805313788295
hwu64,word_delete,21,0.7769516728624535,0.79182156133829,0.014869888475836479,0.9037837837837838,0.902542372881356,-0.0012414109024277975,0.0962162162162162,0.0974576271186441,0.0012414109024278946
hwu64,word_delete,42,0.7490706319702602,0.7769516728624535,0.027881040892193232,0.8713513513513514,0.8855932203389829,0.014241868987631467,0.1286486486486485,0.114406779661017,-0.014241868987631495
hwu64,word_delete,84,0.7639405204460966,0.775092936802974,0.01115241635687736,0.8886486486486487,0.8834745762711864,-0.005174072377462258,0.1113513513513513,0.1165254237288136,0.005174072377462299
hwu64,word_delete,123,0.7713754646840149,0.7862453531598513,0.014869888475836479,0.8972972972972973,0.896186440677966,-0.0011108566193313019,0.1027027027027026,0.1038135593220339,0.0011108566193313019
hwu64,word_delete,256,0.7527881040892194,0.7788104089219331,0.026022304832713727,0.8756756756756757,0.8877118644067796,0.012036188731103903,0.1243243243243242,0.1122881355932203,-0.012036188731103903
hwu64,word_delete,512,0.7704460966542751,0.7927509293680297,0.022304832713754608,0.8962162162162163,0.903601694915254,0.0073854786990377175,0.1037837837837837,0.0963983050847458,-0.007385478699037898
hwu64,word_delete,1024,0.7676579925650557,0.7825278810408922,0.014869888475836479,0.892972972972973,0.8919491525423728,-0.0010238204306001197,0.107027027027027,0.1080508474576271,0.001023820430600092
hwu64,word_delete,2026,0.7630111524163569,0.7788104089219331,0.01579925650557623,0.8875675675675676,0.8877118644067796,0.0001442968392120214,0.1124324324324324,0.1122881355932203,-0.0001442968392120908
