dataset,perturbation,requested_severity,seed,word_accuracy,char_accuracy,accuracy_difference,word_retention,char_retention,retention_difference
banking77,typo,0.05,1,0.8737012987012988,0.8925324675324675,0.018831168831168754,0.981042654028436,0.9874281609195402,0.006385506891104176
banking77,typo,0.05,7,0.8678571428571429,0.8860389610389611,0.018181818181818188,0.97448049580751,0.9802442528735632,0.0057637570660532544
banking77,typo,0.05,21,0.8714285714285714,0.8928571428571429,0.021428571428571463,0.978490703609187,0.9877873563218392,0.009296652712652231
banking77,typo,0.05,42,0.8672077922077922,0.8944805194805194,0.027272727272727226,0.973751367116296,0.9895833333333331,0.015831966217037197
banking77,typo,0.05,84,0.8675324675324675,0.8899350649350649,0.022402597402597424,0.974115931461903,0.9845545977011494,0.010438666239246386
banking77,typo,0.05,123,0.8720779220779221,0.8902597402597403,0.018181818181818188,0.9792198323004012,0.9849137931034484,0.005693960803047182
banking77,typo,0.05,256,0.8655844155844156,0.8909090909090909,0.025324675324675305,0.971928545388261,0.985632183908046,0.013703638519784955
banking77,typo,0.05,512,0.8694805194805195,0.8905844155844156,0.02110389610389607,0.9763033175355452,0.9852729885057472,0.00896967097020196
banking77,typo,0.05,1024,0.8727272727272727,0.8925324675324675,0.019805194805194826,0.979948960991615,0.9874281609195402,0.007479199927925229
banking77,typo,0.05,2026,0.8652597402597403,0.8922077922077922,0.026948051948051943,0.971563981042654,0.9870689655172414,0.01550498447458748
banking77,char_delete,0.05,1,0.8730519480519481,0.901948051948052,0.028896103896103975,0.980313525337222,0.997844827586207,0.017531302248984915
banking77,char_delete,0.05,7,0.8675324675324675,0.897077922077922,0.02954545454545454,0.974115931461903,0.992456896551724,0.01834096508982097
banking77,char_delete,0.05,21,0.8766233766233766,0.8987012987012987,0.02207792207792203,0.984323733138899,0.9942528735632185,0.009929140424319471
banking77,char_delete,0.05,42,0.8785714285714286,0.8996753246753246,0.02110389610389607,0.986511119212541,0.9953304597701148,0.00881934055757383
banking77,char_delete,0.05,84,0.8753246753246753,0.8974025974025974,0.02207792207792214,0.982865475756471,0.9928160919540232,0.00995061619755222
banking77,char_delete,0.05,123,0.8737012987012988,0.8957792207792208,0.02207792207792203,0.981042654028436,0.9910201149425288,0.009977460914092795
banking77,char_delete,0.05,256,0.8668831168831169,0.897077922077922,0.030194805194805108,0.9733868027706892,0.992456896551724,0.019070093781034747
banking77,char_delete,0.05,512,0.8707792207792208,0.8967532467532467,0.025974025974025983,0.977761574917973,0.9920977011494252,0.014336126231452195
banking77,char_delete,0.05,1024,0.8743506493506493,0.8990259740259741,0.02467532467532474,0.98177178271965,0.9946120689655172,0.012840286245867194
banking77,char_delete,0.05,2026,0.8672077922077922,0.8983766233766234,0.03116883116883118,0.973751367116296,0.9938936781609196,0.020142311044623606
banking77,word_delete,0.05,1,0.8685064935064936,0.8792207792207792,0.010714285714285676,0.975209624498724,0.9727011494252874,-0.0025084750734365446
banking77,word_delete,0.05,7,0.8691558441558441,0.8821428571428571,0.012987012987012991,0.975938753189938,0.975933908045977,-4.845143960929832e-06
banking77,word_delete,0.05,21,0.8688311688311688,0.8805194805194805,0.011688311688311637,0.975574188844331,0.9741379310344828,-0.0014362578098482404
banking77,word_delete,0.05,42,0.8701298701298701,0.8844155844155844,0.014285714285714346,0.977032446226759,0.9784482758620692,0.001415829635310173
banking77,word_delete,0.05,84,0.8607142857142858,0.8743506493506493,0.013636363636363558,0.966460080204156,0.9673132183908046,0.000853138186648672
banking77,word_delete,0.05,123,0.8675324675324675,0.875,0.007467532467532512,0.974115931461903,0.9680316091954024,-0.006084322266500575
banking77,word_delete,0.05,256,0.8652597402597403,0.8779220779220779,0.012662337662337597,0.971563981042654,0.971264367816092,-0.00029961322656191225
banking77,word_delete,0.05,512,0.8675324675324675,0.8782467532467533,0.010714285714285787,0.974115931461903,0.9716235632183908,-0.0024923682435121775
banking77,word_delete,0.05,1024,0.8649350649350649,0.8753246753246753,0.010389610389610393,0.971199416697047,0.9683908045977012,-0.0028086120993457975
banking77,word_delete,0.05,2026,0.8668831168831169,0.8772727272727273,0.010389610389610393,0.9733868027706892,0.9705459770114944,-0.002840825759194865
banking77,typo,0.1,1,0.8474025974025974,0.8834415584415585,0.03603896103896109,0.9515129420342692,0.9773706896551724,0.025857747620903204
banking77,typo,0.1,7,0.8467532467532467,0.887987012987013,0.04123376623376629,0.950783813343055,0.9823994252873564,0.0316156119443014
banking77,typo,0.1,21,0.8480519480519481,0.8827922077922078,0.03474025974025974,0.9522420707254832,0.9766522988505748,0.024410228125091638
banking77,typo,0.1,42,0.8506493506493507,0.8827922077922078,0.03214285714285714,0.955158585490339,0.9766522988505748,0.021493713360235756
banking77,typo,0.1,84,0.8538961038961039,0.8837662337662338,0.029870129870129825,0.958804228946409,0.9777298850574712,0.018925656111062117
banking77,typo,0.1,123,0.8438311688311688,0.8795454545454545,0.0357142857142857,0.947502734232592,0.9730603448275862,0.025557610594994173
banking77,typo,0.1,256,0.8470779220779221,0.8779220779220779,0.030844155844155785,0.951148377688662,0.971264367816092,0.02011599012743004
banking77,typo,0.1,512,0.8412337662337662,0.8798701298701299,0.03863636363636369,0.944586219467736,0.9734195402298852,0.028833320762149173
banking77,typo,0.1,1024,0.8470779220779221,0.8775974025974026,0.030519480519480502,0.951148377688662,0.9709051724137931,0.019756794725131144
banking77,typo,0.1,2026,0.8454545454545455,0.8762987012987012,0.030844155844155785,0.9493255559606272,0.9694683908045976,0.020142834843970392
banking77,char_delete,0.1,1,0.8493506493506493,0.8951298701298701,0.04577922077922081,0.9537003281079108,0.990301724137931,0.03660139603002022
banking77,char_delete,0.1,7,0.8548701298701299,0.8954545454545455,0.04058441558441561,0.95989792198323,0.99066091954023,0.03076299755699996
banking77,char_delete,0.1,21,0.8587662337662337,0.888961038961039,0.03019480519480522,0.964272694130514,0.9834770114942528,0.019204317363738843
banking77,char_delete,0.1,42,0.8587662337662337,0.8935064935064935,0.03474025974025974,0.964272694130514,0.9885057471264368,0.02423305299592282
banking77,char_delete,0.1,84,0.8555194805194806,0.8935064935064935,0.0379870129870129,0.960627050674444,0.9885057471264368,0.027878696451992813
banking77,char_delete,0.1,123,0.8574675324675325,0.8886363636363637,0.03116883116883118,0.962814436748086,0.983117816091954,0.020303379343868055
banking77,char_delete,0.1,256,0.8538961038961039,0.8938311688311689,0.039935064935064934,0.958804228946409,0.9888649425287356,0.030060713582326537
banking77,char_delete,0.1,512,0.8577922077922078,0.8948051948051948,0.03701298701298705,0.963179001093693,0.9899425287356324,0.026763527641939344
banking77,char_delete,0.1,1024,0.8551948051948052,0.8944805194805194,0.03928571428571426,0.960262486328837,0.9895833333333331,0.02932084700449611
banking77,char_delete,0.1,2026,0.8542207792207792,0.8905844155844156,0.036363636363636376,0.959168793292016,0.9852729885057472,0.026104195213731196
banking77,word_delete,0.1,1,0.8444805194805195,0.8548701298701299,0.010389610389610393,0.948231862923806,0.9457614942528736,-0.0024703686709324213
banking77,word_delete,0.1,7,0.8483766233766233,0.8607142857142858,0.012337662337662425,0.95260663507109,0.9522270114942528,-0.00037962357683718473
banking77,word_delete,0.1,21,0.8448051948051948,0.8525974025974026,0.007792207792207795,0.9485964272694132,0.9432471264367815,-0.005349300832631632
banking77,word_delete,0.1,42,0.8418831168831169,0.8516233766233766,0.009740259740259716,0.94531534815895,0.9421695402298852,-0.0031458079290648255
banking77,word_delete,0.1,84,0.8405844155844155,0.8487012987012987,0.008116883116883189,0.943857090776522,0.9389367816091956,-0.004920309167326442
banking77,word_delete,0.1,123,0.8428571428571429,0.849025974025974,0.006168831168831157,0.9464090411957712,0.9392959770114944,-0.007113064184276818
banking77,word_delete,0.1,256,0.8350649350649351,0.8470779220779221,0.01201298701298703,0.9376594969012032,0.9371408045977012,-0.0005186923035019886
banking77,word_delete,0.1,512,0.8448051948051948,0.8555194805194806,0.010714285714285787,0.9485964272694132,0.9464798850574714,-0.0021165422119417965
banking77,word_delete,0.1,1024,0.8386363636363636,0.8448051948051948,0.006168831168831157,0.94166970470288,0.9346264367816092,-0.007043267921270857
banking77,word_delete,0.1,2026,0.8461038961038961,0.8516233766233766,0.00551948051948048,0.9500546846518412,0.9421695402298852,-0.00788514442195598
banking77,typo,0.2,1,0.7951298701298701,0.8564935064935065,0.0613636363636364,0.8928180823915421,0.9475574712643678,0.0547393888728257
banking77,typo,0.2,7,0.7925324675324675,0.8483766233766233,0.05584415584415581,0.8899015676266862,0.9385775862068966,0.04867601858021042
banking77,typo,0.2,21,0.7977272727272727,0.8594155844155844,0.06168831168831168,0.8957345971563981,0.9507902298850576,0.05505563272865943
banking77,typo,0.2,42,0.787012987012987,0.8461038961038961,0.05909090909090908,0.8837039737513671,0.9360632183908046,0.05235924463943753
banking77,typo,0.2,84,0.798051948051948,0.8568181818181818,0.0587662337662338,0.8960991615020051,0.9479166666666669,0.05181750516466177
banking77,typo,0.2,123,0.799025974025974,0.8512987012987013,0.05227272727272736,0.897192854538826,0.9418103448275864,0.044617490288760386
banking77,typo,0.2,256,0.7935064935064935,0.8512987012987013,0.05779220779220784,0.8909952606635071,0.9418103448275864,0.050815084164079316
banking77,typo,0.2,512,0.798051948051948,0.862987012987013,0.06493506493506496,0.8960991615020051,0.9547413793103448,0.05864221780833967
banking77,typo,0.2,1024,0.7957792207792208,0.8506493506493507,0.05487012987012985,0.8935472110827561,0.9410919540229884,0.047544742940232254
banking77,typo,0.2,2026,0.7961038961038961,0.8477272727272728,0.05162337662337668,0.8939117754283631,0.9378591954022988,0.0439474199739357
banking77,char_delete,0.2,1,0.8191558441558442,0.8896103896103896,0.07045454545454544,0.91979584396646,0.9841954022988506,0.06439955833239064
banking77,char_delete,0.2,7,0.8295454545454546,0.8860389610389611,0.056493506493506485,0.9314619030258842,0.9802442528735632,0.04878234984767904
banking77,char_delete,0.2,21,0.8207792207792208,0.8827922077922078,0.062012987012986964,0.9216186656944952,0.9766522988505748,0.055033633156079564
banking77,char_delete,0.2,42,0.8133116883116883,0.8818181818181818,0.06850649350649352,0.913233685745534,0.9755747126436782,0.06234102689814425
banking77,char_delete,0.2,84,0.8211038961038961,0.8837662337662338,0.06266233766233764,0.921983230040102,0.9777298850574712,0.055746655017369195
banking77,char_delete,0.2,123,0.8175324675324676,0.8853896103896104,0.06785714285714284,0.9179730222384253,0.9795258620689656,0.061552839830540385
banking77,char_delete,0.2,256,0.8123376623376624,0.8814935064935064,0.06915584415584408,0.9121399927087132,0.9752155172413792,0.06307552453266607
banking77,char_delete,0.2,512,0.8224025974025974,0.8873376623376623,0.06493506493506496,0.92344148742253,0.9816810344827588,0.058239547060228825
banking77,char_delete,0.2,1024,0.8159090909090909,0.8857142857142857,0.06980519480519476,0.91615020051039,0.9798850574712644,0.06373485696087444
banking77,char_delete,0.2,2026,0.8201298701298702,0.8795454545454545,0.059415584415584366,0.9208895370032812,0.9730603448275862,0.05217080782430494
banking77,word_delete,0.2,1,0.7899350649350649,0.7915584415584416,0.0016233766233766378,0.8869850528618302,0.8757183908045978,-0.011266662057232368
banking77,word_delete,0.2,7,0.7876623376623376,0.7948051948051948,0.0071428571428572285,0.8844331024425811,0.8793103448275863,-0.005122757614994811
banking77,word_delete,0.2,21,0.7912337662337663,0.7961038961038961,0.004870129870129802,0.8884433102442582,0.8807471264367817,-0.007696183807476498
banking77,word_delete,0.2,42,0.7805194805194805,0.7967532467532468,0.016233766233766267,0.8764126868392271,0.8814655172413793,0.005052830402152209
banking77,word_delete,0.2,84,0.7831168831168831,0.7905844155844156,0.007467532467532512,0.8793292016040831,0.8746408045977012,-0.004688397006381906
banking77,word_delete,0.2,123,0.7831168831168831,0.787012987012987,0.003896103896103953,0.8793292016040831,0.8706896551724139,-0.008639546431669198
banking77,word_delete,0.2,256,0.7792207792207793,0.7853896103896104,0.006168831168831157,0.8749544294567991,0.8688936781609196,-0.006060751295879574
banking77,word_delete,0.2,512,0.7892857142857143,0.7896103896103897,0.00032467532467539417,0.886255924170616,0.8735632183908046,-0.012692705779811408
banking77,word_delete,0.2,1024,0.7844155844155845,0.7876623376623376,0.0032467532467531646,0.8807874589865111,0.8714080459770115,-0.009379413009499626
banking77,word_delete,0.2,2026,0.7818181818181819,0.801948051948052,0.02012987012987011,0.8778709442216551,0.887212643678161,0.00934169945650587
banking77,typo,0.3,1,0.7525974025974026,0.8298701298701299,0.07727272727272727,0.8450601531170252,0.918103448275862,0.07304329515883679
banking77,typo,0.3,7,0.7311688311688311,0.8275974025974026,0.09642857142857142,0.8209989063069631,0.91558908045977,0.0945901741528069
banking77,typo,0.3,21,0.7344155844155844,0.8211038961038961,0.0866883116883117,0.8246445497630331,0.9084051724137931,0.08376062265076001
banking77,typo,0.3,42,0.7305194805194806,0.8181818181818182,0.08766233766233766,0.8202697776157493,0.9051724137931036,0.08490263617735438
banking77,typo,0.3,84,0.7353896103896104,0.8237012987012987,0.08831168831168834,0.8257382427998542,0.911278735632184,0.08554049283232978
banking77,typo,0.3,123,0.7461038961038962,0.8253246753246753,0.07922077922077919,0.8377688662048852,0.9130747126436782,0.07530584643879301
banking77,typo,0.3,256,0.7331168831168832,0.8155844155844156,0.08246753246753247,0.8231862923806053,0.9022988505747128,0.07911255819410756
banking77,typo,0.3,512,0.7314935064935065,0.8204545454545454,0.08896103896103891,0.8213634706525702,0.9076867816091954,0.08632331095662515
banking77,typo,0.3,1024,0.7331168831168832,0.8285714285714286,0.09545454545454546,0.8231862923806053,0.9166666666666669,0.0934803742860616
banking77,typo,0.3,2026,0.7425324675324675,0.8233766233766234,0.08084415584415594,0.8337586584032081,0.9109195402298852,0.07716088182667713
banking77,char_delete,0.3,1,0.7642857142857142,0.8779220779220779,0.11363636363636365,0.8581844695588771,0.971264367816092,0.11307989825721498
banking77,char_delete,0.3,7,0.7668831168831168,0.8730519480519481,0.10616883116883125,0.861100984323733,0.9658764367816092,0.10477545245787612
banking77,char_delete,0.3,21,0.7733766233766234,0.8668831168831169,0.09350649350649354,0.8683922712358731,0.9590517241379312,0.09065945290205801
banking77,char_delete,0.3,42,0.772077922077922,0.8743506493506493,0.10227272727272729,0.866934013853445,0.9673132183908046,0.1003792045373596
banking77,char_delete,0.3,84,0.7772727272727272,0.8733766233766234,0.09610389610389614,0.872767043383157,0.966235632183908,0.09346858880075093
banking77,char_delete,0.3,123,0.7753246753246753,0.8792207792207792,0.10389610389610393,0.8705796573095151,0.9727011494252874,0.10212149211577226
banking77,char_delete,0.3,256,0.772077922077922,0.8698051948051948,0.09772727272727277,0.866934013853445,0.9622844827586208,0.09535046890517573
banking77,char_delete,0.3,512,0.7769480519480519,0.8694805194805195,0.09253246753246758,0.8724024790375501,0.961925287356322,0.08952280831877191
banking77,char_delete,0.3,1024,0.7740259740259741,0.8714285714285714,0.09740259740259738,0.8691213999270871,0.964080459770115,0.09495905984302788
banking77,char_delete,0.3,2026,0.7724025974025974,0.8701298701298701,0.09772727272727266,0.8672985781990522,0.9626436781609196,0.09534509996186735
banking77,word_delete,0.3,1,0.7139610389610389,0.7230519480519481,0.00909090909090915,0.8016769959897921,0.7999281609195402,-0.0017488350702519195
banking77,word_delete,0.3,7,0.7227272727272728,0.7311688311688311,0.008441558441558361,0.8115202333211813,0.8089080459770115,-0.002612187344169792
banking77,word_delete,0.3,21,0.725,0.7344155844155844,0.009415584415584433,0.8140721837404301,0.8125,-0.0015721837404301109
banking77,word_delete,0.3,42,0.7165584415584415,0.7324675324675325,0.015909090909090984,0.8045935107546481,0.810344827586207,0.005751316831558828
banking77,word_delete,0.3,84,0.7022727272727273,0.7061688311688312,0.003896103896103953,0.7885526795479402,0.7812500000000001,-0.007302679547940061
banking77,word_delete,0.3,123,0.7133116883116883,0.7162337662337662,0.0029220779220778814,0.8009478672985783,0.7923850574712644,-0.008562809827313833
banking77,word_delete,0.3,256,0.7136363636363636,0.7103896103896103,-0.0032467532467532756,0.8013124316441852,0.7859195402298851,-0.015392891414300114
banking77,word_delete,0.3,512,0.7262987012987013,0.7396103896103896,0.013311688311688274,0.8155304411228582,0.8182471264367817,0.0027166853139234393
banking77,word_delete,0.3,1024,0.7133116883116883,0.7220779220779221,0.008766233766233755,0.8009478672985783,0.7988505747126438,-0.002097292585934496
banking77,word_delete,0.3,2026,0.724025974025974,0.7353896103896104,0.011363636363636354,0.8129784907036092,0.8135775862068966,0.0005990955032874057
banking77,typo,0.4,1,0.6607142857142857,0.785064935064935,0.12435064935064932,0.7418884433102443,0.8685344827586207,0.12664603944837638
banking77,typo,0.4,7,0.6555194805194805,0.7837662337662338,0.12824675324675328,0.7360554137805322,0.8670977011494253,0.13104228736889312
banking77,typo,0.4,21,0.6587662337662338,0.7840909090909091,0.12532467532467528,0.7397010572366023,0.8674568965517241,0.1277558393151218
banking77,typo,0.4,42,0.662987012987013,0.7883116883116883,0.12532467532467528,0.7444403937294933,0.8721264367816092,0.12768604305211584
banking77,typo,0.4,84,0.6652597402597402,0.7808441558441559,0.11558441558441568,0.7469923441487422,0.8638649425287357,0.11687259837999353
banking77,typo,0.4,123,0.6548701298701298,0.7860389610389611,0.13116883116883127,0.7353262850893182,0.8696120689655173,0.13428578387619916
banking77,typo,0.4,256,0.6571428571428571,0.7737012987012987,0.11655844155844153,0.7378782355085672,0.8559626436781609,0.11808440816959365
banking77,typo,0.4,512,0.660064935064935,0.7873376623376623,0.12727272727272732,0.7411593146190302,0.8710488505747127,0.12988953595568253
banking77,typo,0.4,1024,0.6737012987012987,0.7925324675324675,0.11883116883116884,0.7564710171345242,0.8767959770114943,0.12032495987697
banking77,typo,0.4,2026,0.6649350649350649,0.7928571428571428,0.12792207792207788,0.7466277798031352,0.877155172413793,0.13052739261065782
banking77,char_delete,0.4,1,0.7159090909090909,0.8616883116883117,0.1457792207792208,0.8038643820634342,0.9533045977011496,0.14944021563771537
banking77,char_delete,0.4,7,0.7081168831168831,0.8594155844155844,0.15129870129870127,0.7951148377688663,0.9507902298850576,0.1556753921161913
banking77,char_delete,0.4,21,0.7175324675324676,0.8571428571428571,0.13961038961038952,0.8056872037914692,0.9482758620689656,0.14258865827749645
banking77,char_delete,0.4,42,0.7259740259740259,0.8639610389610389,0.137987012987013,0.8151658767772512,0.9558189655172412,0.14065308873999005
banking77,char_delete,0.4,84,0.7113636363636363,0.8626623376623377,0.15129870129870138,0.7987604812249361,0.954382183908046,0.15562170268310982
banking77,char_delete,0.4,123,0.7107142857142857,0.8587662337662337,0.148051948051948,0.7980313525337223,0.9500718390804598,0.15204048654673752
banking77,char_delete,0.4,256,0.7172077922077922,0.8558441558441559,0.13863636363636367,0.8053226394458621,0.9468390804597702,0.14151644101390803
banking77,char_delete,0.4,512,0.724025974025974,0.8678571428571429,0.14383116883116887,0.8129784907036092,0.9601293103448276,0.14715081964121846
banking77,char_delete,0.4,1024,0.7318181818181818,0.8587662337662337,0.12694805194805192,0.8217280349981771,0.9500718390804598,0.12834380408228263
banking77,char_delete,0.4,2026,0.7175324675324676,0.8623376623376623,0.14480519480519471,0.8056872037914692,0.9540229885057472,0.148335784714278
banking77,word_delete,0.4,1,0.6392857142857142,0.6487012987012987,0.009415584415584433,0.7178271965001822,0.7176724137931034,-0.00015478270707880437
banking77,word_delete,0.4,7,0.6448051948051948,0.6493506493506493,0.004545454545454519,0.7240247903755013,0.7183908045977012,-0.005633985777800055
banking77,word_delete,0.4,21,0.6334415584415585,0.6493506493506493,0.015909090909090873,0.7112650382792564,0.7183908045977012,0.007125766318444859
banking77,word_delete,0.4,42,0.638961038961039,0.6441558441558441,0.0051948051948051965,0.7174626321545753,0.7126436781609196,-0.004818953993655728
banking77,word_delete,0.4,84,0.6441558441558441,0.6457792207792208,0.0016233766233766378,0.7232956616842873,0.7144396551724138,-0.00885600651187346
banking77,word_delete,0.4,123,0.6467532467532467,0.6441558441558441,-0.0025974025974025983,0.7262121764491433,0.7126436781609196,-0.013568498288223707
banking77,word_delete,0.4,256,0.6474025974025974,0.650974025974026,0.0035714285714285587,0.7269413051403573,0.7201867816091955,-0.0067545235311617935
banking77,word_delete,0.4,512,0.6425324675324675,0.6441558441558441,0.0016233766233766378,0.7214728399562522,0.7126436781609196,-0.008829161795332663
banking77,word_delete,0.4,1024,0.6457792207792208,0.6525974025974026,0.006818181818181834,0.7251184834123223,0.7219827586206897,-0.003135724791632599
banking77,word_delete,0.4,2026,0.6418831168831168,0.6457792207792208,0.003896103896103953,0.7207437112650382,0.7144396551724138,-0.0063040560926244105
clinc150,typo,0.05,1,0.8884444444444445,0.9031111111111112,0.014666666666666717,0.9748841745915632,0.98545101842871,0.010566843837146789
clinc150,typo,0.05,7,0.892,0.9033333333333332,0.011333333333333195,0.9787856620336504,0.9856935014548982,0.006907839421247841
clinc150,typo,0.05,21,0.8931111111111111,0.9053333333333332,0.012222222222222134,0.9800048768593026,0.9878758486905918,0.007870971831289153
clinc150,typo,0.05,42,0.8888888888888888,0.9015555555555556,0.012666666666666715,0.975371860521824,0.9837536372453928,0.008381776723568768
clinc150,typo,0.05,84,0.8904444444444445,0.9011111111111112,0.010666666666666713,0.9770787612777372,0.9832686711930164,0.006189909915279235
clinc150,typo,0.05,123,0.89,0.8991111111111111,0.00911111111111107,0.9765910753474762,0.981086323957323,0.004495248609846736
clinc150,typo,0.05,256,0.8828888888888888,0.9002222222222223,0.017333333333333423,0.9687881004633015,0.982298739088264,0.01351063862496249
clinc150,typo,0.05,512,0.886,0.898,0.01200000000000001,0.972201901975128,0.9798739088263824,0.007672006851254354
clinc150,typo,0.05,1024,0.892,0.9037777777777778,0.011777777777777776,0.9787856620336504,0.9861784675072746,0.007392805473624198
clinc150,typo,0.05,2026,0.8882222222222222,0.9044444444444444,0.016222222222222138,0.9746403316264326,0.9869059165858391,0.01226558495940655
clinc150,char_delete,0.05,1,0.8953333333333333,0.9091111111111112,0.013777777777777889,0.9824433065106072,0.9919980601357904,0.00955475362518321
clinc150,char_delete,0.05,7,0.8968888888888888,0.9093333333333332,0.01244444444444437,0.9841502072665204,0.9922405431619788,0.00809033589545849
clinc150,char_delete,0.05,21,0.8924444444444445,0.9097777777777778,0.01733333333333331,0.9792733479639112,0.9927255092143552,0.013452161250444017
clinc150,char_delete,0.05,42,0.896,0.9084444444444444,0.01244444444444437,0.9831748354059986,0.991270611057226,0.008095775651227433
clinc150,char_delete,0.05,84,0.8933333333333333,0.9102222222222224,0.016888888888889064,0.9802487198244332,0.9932104752667316,0.012961755442298384
clinc150,char_delete,0.05,123,0.8937777777777778,0.9095555555555556,0.01577777777777778,0.980736405754694,0.9924830261881668,0.011746620433472743
clinc150,char_delete,0.05,256,0.8942222222222223,0.9077777777777778,0.013555555555555543,0.981224091684955,0.9905431619786615,0.0093190702937066
clinc150,char_delete,0.05,512,0.8951111111111111,0.9102222222222224,0.015111111111111297,0.9821994635454768,0.9932104752667316,0.011011011721254738
clinc150,char_delete,0.05,1024,0.8931111111111111,0.9091111111111112,0.016000000000000125,0.9800048768593026,0.9919980601357904,0.011993183276487795
clinc150,char_delete,0.05,2026,0.8922222222222222,0.908,0.01577777777777778,0.9790295049987808,0.9907856450048498,0.01175614000606895
clinc150,word_delete,0.05,1,0.8913333333333333,0.8922222222222222,0.000888888888888939,0.978054133138259,0.97356935014549,-0.004484782992768999
clinc150,word_delete,0.05,7,0.8913333333333333,0.8937777777777778,0.0024444444444444713,0.978054133138259,0.975266731328807,-0.002787401809451917
clinc150,word_delete,0.05,21,0.8873333333333333,0.8897777777777778,0.0024444444444444713,0.9736649597659108,0.97090203685742,-0.0027629229084907836
clinc150,word_delete,0.05,42,0.8913333333333333,0.8915555555555555,0.00022222222222223476,0.978054133138259,0.9728419010669254,-0.005212232071333589
clinc150,word_delete,0.05,84,0.8891111111111111,0.8911111111111111,0.0020000000000000018,0.9756157034869544,0.972356935014549,-0.00325876847240536
clinc150,word_delete,0.05,123,0.8868888888888888,0.8946666666666667,0.007777777777777883,0.9731772738356498,0.9762366634335596,0.003059389597909856
clinc150,word_delete,0.05,256,0.8882222222222222,0.892,0.003777777777777769,0.9746403316264326,0.9733268671193016,-0.0013134645071309903
clinc150,word_delete,0.05,512,0.8886666666666667,0.8933333333333333,0.004666666666666597,0.9751280175566936,0.9747817652764308,-0.0003462522802628598
clinc150,word_delete,0.05,1024,0.8868888888888888,0.8913333333333333,0.004444444444444473,0.9731772738356498,0.9725994180407372,-0.0005778557949125407
clinc150,word_delete,0.05,2026,0.8804444444444445,0.8864444444444445,0.006000000000000005,0.9661058278468666,0.9672647914645977,0.0011589636177310458
clinc150,typo,0.1,1,0.8646666666666667,0.89,0.02533333333333332,0.9487929773226044,0.9711445198836082,0.0223515425610038
clinc150,typo,0.1,7,0.8582222222222222,0.8793333333333333,0.02111111111111108,0.941721531333821,0.9595053346265762,0.017783803292755196
clinc150,typo,0.1,21,0.8653333333333333,0.8875555555555555,0.022222222222222254,0.9495245062179956,0.9684772065955384,0.01895270037754282
clinc150,typo,0.1,42,0.8673333333333333,0.8891111111111111,0.021777777777777785,0.9517190929041696,0.9701745877788556,0.018455494874686007
clinc150,typo,0.1,84,0.858,0.8793333333333333,0.021333333333333315,0.9414776883686904,0.9595053346265762,0.018027646257885777
clinc150,typo,0.1,123,0.8662222222222222,0.8873333333333333,0.02111111111111108,0.9504998780785174,0.96823472356935,0.017734845490832596
clinc150,typo,0.1,256,0.8591111111111112,0.8848888888888888,0.025777777777777677,0.9426969031943429,0.9655674102812803,0.022870507086937497
clinc150,typo,0.1,512,0.8655555555555555,0.8851111111111111,0.019555555555555548,0.949768349183126,0.9658098933074684,0.016041544124342333
clinc150,typo,0.1,1024,0.8637777777777778,0.8833333333333333,0.019555555555555548,0.9478176054620824,0.9638700290979632,0.016052423635880775
clinc150,typo,0.1,2026,0.8668888888888889,0.888,0.02111111111111108,0.9512314069739088,0.9689621726479148,0.017730765674006
clinc150,char_delete,0.1,1,0.8731111111111111,0.8955555555555555,0.02244444444444449,0.9580590099975616,0.9772065955383124,0.0191475855407508
clinc150,char_delete,0.1,7,0.8755555555555555,0.9037777777777778,0.02822222222222226,0.9607412826139966,0.9861784675072746,0.025437184893277953
clinc150,char_delete,0.1,21,0.8724444444444445,0.9031111111111112,0.03066666666666673,0.9573274811021704,0.98545101842871,0.028123537326539605
clinc150,char_delete,0.1,42,0.8762222222222222,0.9022222222222224,0.026000000000000134,0.961472811509388,0.9844810863239574,0.02300827481456935
clinc150,char_delete,0.1,84,0.8793333333333333,0.906,0.026666666666666727,0.9648866130212144,0.9886032977691562,0.023716684747941863
clinc150,char_delete,0.1,123,0.8728888888888889,0.9015555555555556,0.028666666666666618,0.9578151670324312,0.9837536372453928,0.025938470212961584
clinc150,char_delete,0.1,256,0.8757777777777778,0.9044444444444444,0.028666666666666618,0.9609851255791272,0.9869059165858391,0.025920791006711963
clinc150,char_delete,0.1,512,0.8737777777777778,0.9048888888888889,0.03111111111111109,0.958790538892953,0.9873908826382154,0.028600343745262435
clinc150,char_delete,0.1,1024,0.8768888888888889,0.9024444444444444,0.025555555555555443,0.9622043404047794,0.9847235693501456,0.022519228945366176
clinc150,char_delete,0.1,2026,0.8764444444444445,0.9033333333333332,0.02688888888888874,0.9617166544745184,0.9856935014548982,0.02397684698037983
clinc150,word_delete,0.1,1,0.8633333333333333,0.862,-0.0013333333333332975,0.9473299195318214,0.9405916585838991,-0.006738260947922292
clinc150,word_delete,0.1,7,0.866,0.8671111111111112,0.0011111111111111738,0.950256035113387,0.9461687681862272,-0.004087266927159772
clinc150,word_delete,0.1,21,0.8608888888888889,0.8633333333333333,0.0024444444444443603,0.9446476469153864,0.942046556741028,-0.002601090174358389
clinc150,word_delete,0.1,42,0.8662222222222222,0.8668888888888889,0.0006666666666667043,0.9504998780785174,0.9459262851600388,-0.004573592918478586
clinc150,word_delete,0.1,84,0.8677777777777778,0.8664444444444445,-0.0013333333333332975,0.9522067788344306,0.9454413191076624,-0.00676545972676823
clinc150,word_delete,0.1,123,0.8726666666666667,0.8677777777777778,-0.004888888888888943,0.9575713240673008,0.9468962172647916,-0.010675106802509271
clinc150,word_delete,0.1,256,0.8653333333333333,0.866,0.0006666666666667043,0.9495245062179956,0.944956353055286,-0.004568153162709532
clinc150,word_delete,0.1,512,0.8628888888888889,0.8664444444444445,0.003555555555555534,0.9468422336015606,0.9454413191076624,-0.001400914493898231
clinc150,word_delete,0.1,1024,0.868,0.8668888888888889,-0.0011111111111110628,0.9524506217995612,0.9459262851600388,-0.0065243366395223434
clinc150,word_delete,0.1,2026,0.8595555555555555,0.862,0.0024444444444444713,0.9431845891246036,0.9405916585838991,-0.002592930540704419
clinc150,typo,0.2,1,0.8113333333333334,0.8568888888888889,0.04555555555555557,0.8902706656912949,0.9350145489815712,0.04474388329027634
clinc150,typo,0.2,7,0.8135555555555556,0.8553333333333333,0.04177777777777769,0.8927090953425995,0.933317167798254,0.040608072455654565
clinc150,typo,0.2,21,0.8024444444444444,0.8446666666666667,0.04222222222222227,0.8805169470860765,0.921677982541222,0.04116103545514549
clinc150,typo,0.2,42,0.8148888888888889,0.8608888888888889,0.04600000000000004,0.894172153133382,0.9393792434529584,0.04520709031957637
clinc150,typo,0.2,84,0.8082222222222222,0.8506666666666667,0.04244444444444451,0.8868568641794684,0.9282250242483028,0.04136816006883437
clinc150,typo,0.2,123,0.8168888888888889,0.8548888888888889,0.038000000000000034,0.8963667398195562,0.932832201745878,0.03646546192632183
clinc150,typo,0.2,256,0.814,0.8535555555555555,0.039555555555555566,0.8931967812728602,0.9313773035887488,0.03818052231588864
clinc150,typo,0.2,512,0.8142222222222222,0.854,0.0397777777777778,0.8934406242379906,0.9318622696411252,0.03842164540313453
clinc150,typo,0.2,1024,0.8093333333333333,0.8628888888888889,0.05355555555555558,0.8880760790051208,0.941561590688652,0.05348551168353122
clinc150,typo,0.2,2026,0.8068888888888889,0.8486666666666667,0.0417777777777778,0.8853938063886857,0.9260426770126092,0.04064887062392353
clinc150,char_delete,0.2,1,0.8315555555555556,0.89,0.05844444444444441,0.9124603755181664,0.9711445198836082,0.05868414436544178
clinc150,char_delete,0.2,7,0.8373333333333334,0.8875555555555555,0.05022222222222217,0.9188002926115582,0.9684772065955384,0.04967691398398022
clinc150,char_delete,0.2,21,0.8371111111111111,0.8864444444444445,0.04933333333333334,0.9185564496464276,0.9672647914645977,0.048708341818170076
clinc150,char_delete,0.2,42,0.8424444444444444,0.8917777777777778,0.04933333333333334,0.9244086808095586,0.9730843840931136,0.04867570328355497
clinc150,char_delete,0.2,84,0.8373333333333334,0.8904444444444445,0.05311111111111111,0.9188002926115582,0.9716294859359844,0.05282919332442626
clinc150,char_delete,0.2,123,0.8368888888888889,0.8911111111111111,0.05422222222222217,0.9183126066812972,0.972356935014549,0.05404432833325179
clinc150,char_delete,0.2,256,0.8351111111111111,0.89,0.054888888888888876,0.9163618629602536,0.9711445198836082,0.0547826569233546
clinc150,char_delete,0.2,512,0.8355555555555556,0.8915555555555555,0.05599999999999994,0.9168495488905146,0.9728419010669254,0.05599235217641074
clinc150,char_delete,0.2,1024,0.8357777777777777,0.886,0.05022222222222228,0.9170933918556448,0.9667798254122212,0.049686433556576426
clinc150,char_delete,0.2,2026,0.8337777777777777,0.8864444444444445,0.05266666666666675,0.9148988051694708,0.9672647914645977,0.0523659862951269
clinc150,word_delete,0.2,1,0.8111111111111111,0.8075555555555556,-0.003555555555555534,0.8900268227261644,0.8811833171677983,-0.008843505558366105
clinc150,word_delete,0.2,7,0.814,0.8124444444444444,-0.0015555555555555323,0.8931967812728602,0.8865179437439379,-0.006678837528922288
clinc150,word_delete,0.2,21,0.8075555555555556,0.8057777777777778,-0.001777777777777767,0.8861253352840771,0.879243452958293,-0.006881882325784128
clinc150,word_delete,0.2,42,0.8137777777777778,0.8117777777777778,-0.0020000000000000018,0.8929529383077299,0.8857904946653735,-0.007162443642356409
clinc150,word_delete,0.2,84,0.8086666666666666,0.8115555555555556,0.002888888888888941,0.8873445501097293,0.8855480116391853,-0.0017965384705440623
clinc150,word_delete,0.2,123,0.8066666666666666,0.8077777777777778,0.0011111111111111738,0.8851499634235552,0.8814258001939865,-0.0037241632295687
clinc150,word_delete,0.2,256,0.8102222222222222,0.8115555555555556,0.0013333333333334085,0.8890514508656425,0.8855480116391853,-0.003503439226457239
clinc150,word_delete,0.2,512,0.8004444444444444,0.8053333333333333,0.004888888888888943,0.8783223603999024,0.8787584869059166,0.00043612650601421166
clinc150,word_delete,0.2,1024,0.8068888888888889,0.8095555555555556,0.002666666666666706,0.8853938063886857,0.8833656644034918,-0.0020281419851938542
clinc150,word_delete,0.2,2026,0.8066666666666666,0.8093333333333333,0.002666666666666706,0.8851499634235552,0.8831231813773036,-0.0020267820462516184
clinc150,typo,0.3,1,0.7448888888888889,0.818,0.07311111111111102,0.8173616191172886,0.8925800193986421,0.07521840028135351
clinc150,typo,0.3,7,0.7437777777777778,0.812,0.0682222222222223,0.8161424042916362,0.8860329776915618,0.06989057339992555
clinc150,typo,0.3,21,0.7462222222222222,0.8122222222222222,0.06599999999999995,0.8188246769080713,0.8862754607177498,0.0674507838096785
clinc150,typo,0.3,42,0.7502222222222222,0.82,0.06977777777777772,0.8232138502804194,0.8947623666343356,0.07154851635391624
clinc150,typo,0.3,84,0.7495555555555555,0.812,0.062444444444444525,0.822482321385028,0.8860329776915618,0.06355065630653378
clinc150,typo,0.3,123,0.7417777777777778,0.8128888888888889,0.07111111111111112,0.8139478176054621,0.8870029097963144,0.07305509219085227
clinc150,typo,0.3,256,0.7451111111111111,0.8135555555555556,0.06844444444444453,0.8176054620824189,0.8877303588748788,0.07012489679245992
clinc150,typo,0.3,512,0.7495555555555555,0.82,0.07044444444444442,0.822482321385028,0.8947623666343356,0.07228004524930765
clinc150,typo,0.3,1024,0.7444444444444445,0.8113333333333334,0.06688888888888889,0.8168739331870276,0.8853055286129972,0.06843159542596955
clinc150,typo,0.3,2026,0.7408888888888889,0.812,0.07111111111111112,0.8129724457449403,0.8860329776915618,0.07306053194662143
clinc150,char_delete,0.3,1,0.7893333333333333,0.8673333333333333,0.07799999999999996,0.8661302121433797,0.9464112512124152,0.0802810390690355
clinc150,char_delete,0.3,7,0.7922222222222223,0.8713333333333333,0.07911111111111102,0.8693001706900757,0.9507759456838022,0.08147577499372649
clinc150,char_delete,0.3,21,0.7964444444444444,0.8775555555555555,0.08111111111111113,0.8739331870275542,0.9575654704170709,0.08363228338951667
clinc150,char_delete,0.3,42,0.7946666666666666,0.8788888888888889,0.08422222222222231,0.8719824433065105,0.9590203685742,0.0870379252676895
clinc150,char_delete,0.3,84,0.7924444444444444,0.8793333333333333,0.0868888888888889,0.869544013655206,0.9595053346265762,0.08996132097137022
clinc150,char_delete,0.3,123,0.794,0.874,0.07999999999999996,0.8712509144111192,0.9536857419980602,0.08243482758694098
clinc150,char_delete,0.3,256,0.7913333333333333,0.878,0.08666666666666667,0.8683247988295538,0.9580504364694472,0.08972563763989339
clinc150,char_delete,0.3,512,0.7924444444444444,0.8717777777777778,0.07933333333333337,0.869544013655206,0.9512609117361784,0.08171689808097249
clinc150,char_delete,0.3,1024,0.8008888888888889,0.884,0.08311111111111114,0.8788100463301634,0.9645974781765276,0.08578743184636428
clinc150,char_delete,0.3,2026,0.7871111111111111,0.868,0.0808888888888889,0.8636917824920751,0.9471387002909796,0.08344691779890445
clinc150,word_delete,0.3,1,0.7317777777777777,0.728,-0.003777777777777769,0.8029748841745915,0.7943743937924346,-0.008600490382156933
clinc150,word_delete,0.3,7,0.7442222222222222,0.7422222222222222,-0.0020000000000000018,0.8166300902218971,0.8098933074684772,-0.006736782753419934
clinc150,word_delete,0.3,21,0.7455555555555555,0.7437777777777778,-0.001777777777777767,0.8180931480126798,0.8115906886517944,-0.006502459360885449
clinc150,word_delete,0.3,42,0.7424444444444445,0.742,-0.0004444444444444695,0.8146793465008535,0.8096508244422891,-0.005028522058564411
clinc150,word_delete,0.3,84,0.7393333333333333,0.7402222222222222,0.000888888888888939,0.811265544989027,0.8077109602327838,-0.003554584756243262
clinc150,word_delete,0.3,123,0.7462222222222222,0.7375555555555555,-0.008666666666666711,0.8188246769080713,0.8048011639185257,-0.014023512989545517
clinc150,word_delete,0.3,256,0.7435555555555555,0.7495555555555555,0.006000000000000005,0.8158985613265057,0.8178952473326867,0.00199668600618097
clinc150,word_delete,0.3,512,0.7377777777777778,0.7373333333333333,-0.0004444444444444695,0.8095586442331139,0.8045586808923375,-0.004999963340776348
clinc150,word_delete,0.3,1024,0.7422222222222222,0.7437777777777778,0.0015555555555555323,0.814435503535723,0.8115906886517944,-0.002844814883928626
clinc150,word_delete,0.3,2026,0.7395555555555555,0.7335555555555555,-0.006000000000000005,0.8115093879541575,0.8004364694471388,-0.011072918507018747
clinc150,typo,0.4,1,0.6726666666666666,0.7704444444444445,0.09777777777777785,0.7381126554498902,0.8406886517943745,0.10257599634448422
clinc150,typo,0.4,7,0.6688888888888889,0.7693333333333333,0.10044444444444445,0.7339673250426725,0.8394762366634336,0.10550891162076115
clinc150,typo,0.4,21,0.6675555555555556,0.7713333333333333,0.10377777777777775,0.7325042672518898,0.8416585838991271,0.10915431664723729
clinc150,typo,0.4,42,0.6726666666666666,0.7691111111111111,0.09644444444444444,0.7381126554498902,0.8392337536372454,0.10112109818735515
clinc150,typo,0.4,84,0.6666666666666666,0.7691111111111111,0.10244444444444445,0.7315288953913679,0.8392337536372454,0.1077048582458775
clinc150,typo,0.4,123,0.6655555555555556,0.7613333333333333,0.09577777777777774,0.7303096805657157,0.8307468477206595,0.10043716715494388
clinc150,typo,0.4,256,0.6802222222222222,0.7768888888888889,0.09666666666666668,0.7464033162643258,0.8477206595538312,0.10131734328950548
clinc150,typo,0.4,512,0.6706666666666666,0.7664444444444445,0.09577777777777785,0.7359180687637161,0.8363239573229875,0.10040588855927135
clinc150,typo,0.4,1024,0.67,0.7764444444444445,0.10644444444444445,0.7351865398683248,0.847235693501455,0.11204915363313017
clinc150,typo,0.4,2026,0.6728888888888889,0.7722222222222223,0.09933333333333338,0.7383564984150207,0.8426285160038798,0.10427201758885907
clinc150,char_delete,0.4,1,0.7388888888888889,0.8608888888888889,0.122,0.8107778590587662,0.9393792434529584,0.12860138439419222
clinc150,char_delete,0.4,7,0.7333333333333333,0.856,0.1226666666666667,0.8046817849305047,0.9340446168768186,0.12936283194631393
clinc150,char_delete,0.4,21,0.7348888888888889,0.8533333333333334,0.11844444444444446,0.806388685686418,0.9311348205625608,0.12474613487614283
clinc150,char_delete,0.4,42,0.7468888888888889,0.86,0.11311111111111105,0.8195562058034627,0.9384093113482056,0.11885310554474293
clinc150,char_delete,0.4,84,0.7435555555555555,0.8622222222222222,0.1186666666666667,0.8158985613265057,0.9408341416100874,0.12493558028358165
clinc150,char_delete,0.4,123,0.7431111111111111,0.86,0.11688888888888893,0.8154108753962448,0.9384093113482056,0.1229984359519608
clinc150,char_delete,0.4,256,0.7402222222222222,0.8591111111111112,0.11888888888888893,0.8122409168495489,0.9374393792434532,0.1251984623939043
clinc150,char_delete,0.4,512,0.7533333333333333,0.8642222222222222,0.11088888888888893,0.8266276517922457,0.9430164888457808,0.11638883705353509
clinc150,char_delete,0.4,1024,0.7477777777777778,0.8548888888888889,0.10711111111111116,0.8205315776639844,0.932832201745878,0.11230062408189356
clinc150,char_delete,0.4,2026,0.7364444444444445,0.8633333333333333,0.12688888888888883,0.8080955864423311,0.942046556741028,0.13395097029869685
clinc150,word_delete,0.4,1,0.6606666666666666,0.666,0.005333333333333412,0.7249451353328457,0.7267216294859361,0.0017764941530904466
clinc150,word_delete,0.4,7,0.6651111111111111,0.6655555555555556,0.0004444444444444695,0.7298219946354547,0.7262366634335597,-0.00358533120189497
clinc150,word_delete,0.4,21,0.6628888888888889,0.666,0.0031111111111111756,0.7273835649841501,0.7267216294859361,-0.000661935498214028
clinc150,word_delete,0.4,42,0.6597777777777778,0.6713333333333333,0.011555555555555541,0.7239697634723239,0.732541222114452,0.00857145864212816
clinc150,word_delete,0.4,84,0.6731111111111111,0.6782222222222222,0.005111111111111066,0.7386003413801512,0.7400581959262852,0.0014578545461340076
clinc150,word_delete,0.4,123,0.6648888888888889,0.6613333333333333,-0.003555555555555534,0.7295781516703242,0.7216294859359845,-0.007948665734339722
clinc150,word_delete,0.4,256,0.646,0.6555555555555556,0.00955555555555554,0.7088514996342355,0.7153249272550922,0.0064734276208566754
clinc150,word_delete,0.4,512,0.6617777777777778,0.6673333333333333,0.005555555555555536,0.726164350158498,0.7281765276430651,0.002012177484567057
clinc150,word_delete,0.4,1024,0.664,0.6693333333333333,0.005333333333333301,0.7286027798098025,0.7303588748787585,0.0017560950689560206
clinc150,word_delete,0.4,2026,0.6542222222222223,0.6615555555555556,0.007333333333333303,0.7178736893440625,0.7218719689621726,0.003998279618110168
hwu64,typo,0.05,1,0.8410780669144982,0.8578066914498141,0.016728624535315983,0.9783783783783784,0.9777542372881356,-0.0006241410902427802
hwu64,typo,0.05,7,0.8392193308550185,0.8633828996282528,0.024163568773234223,0.9762162162162162,0.9841101694915252,0.007893953275308951
hwu64,typo,0.05,21,0.8447955390334573,0.8671003717472119,0.022304832713754608,0.9827027027027028,0.9883474576271186,0.005644754924415851
hwu64,typo,0.05,42,0.845724907063197,0.8698884758364313,0.024163568773234223,0.9837837837837838,0.9915254237288136,0.0077416399450297435
hwu64,typo,0.05,84,0.8336431226765799,0.862453531598513,0.028810408921933095,0.9697297297297296,0.983050847457627,0.013321117727897458
hwu64,typo,0.05,123,0.8345724907063197,0.8578066914498141,0.02323420074349447,0.9708108108108108,0.9777542372881356,0.006943426477324821
hwu64,typo,0.05,256,0.8382899628252788,0.8643122676579925,0.026022304832713727,0.9751351351351352,0.9851694915254235,0.01003435639028838
hwu64,typo,0.05,512,0.8355018587360595,0.862453531598513,0.02695167286245348,0.971891891891892,0.983050847457627,0.011158955565735096
hwu64,typo,0.05,1024,0.8271375464684015,0.8596654275092936,0.032527881040892104,0.9621621621621622,0.979872881355932,0.017710719193769764
hwu64,typo,0.05,2026,0.8401486988847584,0.8661710037174721,0.026022304832713727,0.9772972972972974,0.9872881355932204,0.009990838295922955
hwu64,char_delete,0.05,1,0.8382899628252788,0.8671003717472119,0.028810408921933095,0.9751351351351352,0.9883474576271186,0.013212322491983453
hwu64,char_delete,0.05,7,0.8466542750929368,0.8736059479553904,0.02695167286245359,0.9848648648648648,0.9957627118644068,0.010897846999541994
hwu64,char_delete,0.05,21,0.845724907063197,0.8671003717472119,0.021375464684014855,0.9837837837837838,0.9883474576271186,0.004563673843334781
hwu64,char_delete,0.05,42,0.8336431226765799,0.8680297397769516,0.03438661710037172,0.9697297297297296,0.9894067796610168,0.01967704993128716
hwu64,char_delete,0.05,84,0.8485130111524164,0.8736059479553904,0.025092936802973975,0.9870270270270272,0.9957627118644068,0.008735684837379631
hwu64,char_delete,0.05,123,0.837360594795539,0.8698884758364313,0.032527881040892215,0.974054054054054,0.9915254237288136,0.017471369674759596
hwu64,char_delete,0.05,256,0.8382899628252788,0.8717472118959108,0.03345724907063197,0.9751351351351352,0.99364406779661,0.018508932661474797
hwu64,char_delete,0.05,512,0.8503717472118959,0.8726765799256505,0.022304832713754608,0.9891891891891892,0.9947033898305084,0.005514200641319245
hwu64,char_delete,0.05,1024,0.837360594795539,0.870817843866171,0.03345724907063197,0.974054054054054,0.9925847457627118,0.018530691708657843
hwu64,char_delete,0.05,2026,0.8420074349442379,0.8698884758364313,0.027881040892193343,0.9794594594594594,0.9915254237288136,0.012065964269354135
hwu64,word_delete,0.05,1,0.845724907063197,0.8522304832713755,0.006505576208178487,0.9837837837837838,0.9713983050847458,-0.012385478699038055
hwu64,word_delete,0.05,7,0.8355018587360595,0.854089219330855,0.018587360594795488,0.971891891891892,0.9735169491525424,0.001625057260650431
hwu64,word_delete,0.05,21,0.837360594795539,0.8568773234200744,0.01951672862453535,0.974054054054054,0.9766949152542372,0.002640861200183253
hwu64,word_delete,0.05,42,0.837360594795539,0.8587360594795539,0.021375464684014855,0.974054054054054,0.9788135593220338,0.004759505267979858
hwu64,word_delete,0.05,84,0.8382899628252788,0.8522304832713755,0.013940520446096727,0.9751351351351352,0.9713983050847458,-0.0037368300503893837
hwu64,word_delete,0.05,123,0.8410780669144982,0.8568773234200744,0.01579925650557623,0.9783783783783784,0.9766949152542372,-0.001683463124141138
hwu64,word_delete,0.05,256,0.8252788104089219,0.854089219330855,0.028810408921933095,0.96,0.9735169491525424,0.013516949152542423
hwu64,word_delete,0.05,512,0.8382899628252788,0.8587360594795539,0.020446096654275103,0.9751351351351352,0.9788135593220338,0.0036784241868986767
hwu64,word_delete,0.05,1024,0.8299256505576208,0.8438661710037175,0.013940520446096727,0.9654054054054054,0.961864406779661,-0.003540998625744418
hwu64,word_delete,0.05,2026,0.8336431226765799,0.8503717472118959,0.016728624535315983,0.9697297297297296,0.9692796610169492,-0.00045006871278041594
hwu64,typo,0.1,1,0.8169144981412639,0.8447955390334573,0.027881040892193343,0.9502702702702704,0.9629237288135593,0.01265345854328881
hwu64,typo,0.1,7,0.828996282527881,0.8568773234200744,0.027881040892193343,0.9643243243243244,0.9766949152542372,0.012370590929912884
hwu64,typo,0.1,21,0.820631970260223,0.8447955390334573,0.024163568773234223,0.9545945945945946,0.9629237288135593,0.00832913421896464
hwu64,typo,0.1,42,0.8131970260223048,0.8420074349442379,0.028810408921933095,0.945945945945946,0.9597457627118644,0.013799816765918349
hwu64,typo,0.1,84,0.820631970260223,0.8466542750929368,0.026022304832713727,0.9545945945945946,0.965042372881356,0.010447778286761356
hwu64,typo,0.1,123,0.8215613382899628,0.8503717472118959,0.028810408921933095,0.9556756756756756,0.9692796610169492,0.013603985341273606
hwu64,typo,0.1,256,0.8169144981412639,0.8475836431226765,0.0306691449814126,0.9502702702702704,0.966101694915254,0.01583142464498355
hwu64,typo,0.1,512,0.8085501858736059,0.8550185873605948,0.04646840148698883,0.9405405405405406,0.9745762711864406,0.03403573064590004
hwu64,typo,0.1,1024,0.8178438661710037,0.8578066914498141,0.039962825278810454,0.9513513513513514,0.9777542372881356,0.026402885936784193
hwu64,typo,0.1,2026,0.820631970260223,0.8531598513011153,0.032527881040892215,0.9545945945945946,0.972457627118644,0.017863032524049416
hwu64,char_delete,0.1,1,0.8234200743494424,0.8643122676579925,0.040892193308550095,0.957837837837838,0.9851694915254235,0.0273316536875855
hwu64,char_delete,0.1,7,0.8178438661710037,0.8633828996282528,0.04553903345724908,0.9513513513513514,0.9841101694915252,0.032758818140173784
hwu64,char_delete,0.1,21,0.8178438661710037,0.8587360594795539,0.040892193308550207,0.9513513513513514,0.9788135593220338,0.02746220797068244
hwu64,char_delete,0.1,42,0.8234200743494424,0.8652416356877324,0.04182156133828996,0.957837837837838,0.986228813559322,0.02839097572148397
hwu64,char_delete,0.1,84,0.8150557620817844,0.8652416356877324,0.05018587360594795,0.9481081081081082,0.986228813559322,0.03812070545121382
hwu64,char_delete,0.1,123,0.8197026022304833,0.8605947955390335,0.040892193308550207,0.9535135135135137,0.9809322033898306,0.027418689876316904
hwu64,char_delete,0.1,256,0.8187732342007435,0.8661710037174721,0.04739776951672858,0.9524324324324326,0.9872881355932204,0.03485570316078779
hwu64,char_delete,0.1,512,0.8215613382899628,0.8596654275092936,0.03810408921933084,0.9556756756756756,0.979872881355932,0.024197205680256406
hwu64,char_delete,0.1,1024,0.8178438661710037,0.8578066914498141,0.039962825278810454,0.9513513513513514,0.9777542372881356,0.026402885936784193
hwu64,char_delete,0.1,2026,0.8262081784386617,0.8652416356877324,0.0390334572490707,0.961081081081081,0.986228813559322,0.02514773247824098
hwu64,word_delete,0.1,1,0.8262081784386617,0.8317843866171004,0.005576208178438735,0.961081081081081,0.948093220338983,-0.012987860742098012
hwu64,word_delete,0.1,7,0.8159851301115242,0.8336431226765799,0.017657992565055736,0.9491891891891892,0.9502118644067796,0.001022675217590474
hwu64,word_delete,0.1,21,0.820631970260223,0.8364312267657993,0.01579925650557623,0.9545945945945946,0.9533898305084746,-0.0012047640861200248
hwu64,word_delete,0.1,42,0.8150557620817844,0.8392193308550185,0.024163568773234112,0.9481081081081082,0.9565677966101694,0.008459688502061247
hwu64,word_delete,0.1,84,0.8159851301115242,0.8317843866171004,0.01579925650557623,0.9491891891891892,0.948093220338983,-0.0010959688502061304
hwu64,word_delete,0.1,123,0.8215613382899628,0.8355018587360595,0.013940520446096727,0.9556756756756756,0.9523305084745762,-0.0033451672010993416
hwu64,word_delete,0.1,256,0.8048327137546468,0.8308550185873605,0.026022304832713727,0.9362162162162162,0.9470338983050848,0.010817682088868574
hwu64,word_delete,0.1,512,0.820631970260223,0.837360594795539,0.016728624535315983,0.9545945945945946,0.9544491525423728,-0.00014544205222177808
hwu64,word_delete,0.1,1024,0.8131970260223048,0.828996282527881,0.01579925650557623,0.945945945945946,0.944915254237288,-0.0010306917086581047
hwu64,word_delete,0.1,2026,0.8169144981412639,0.8252788104089219,0.008364312267657992,0.9502702702702704,0.9406779661016949,-0.009592304168575594
hwu64,typo,0.2,1,0.7611524163568774,0.8197026022304833,0.05855018587360594,0.8854054054054055,0.934322033898305,0.04891662849289957
hwu64,typo,0.2,7,0.7611524163568774,0.8141263940520446,0.05297397769516721,0.8854054054054055,0.9279661016949152,0.04256069628950976
hwu64,typo,0.2,21,0.766728624535316,0.8262081784386617,0.059479553903345694,0.8918918918918919,0.9417372881355932,0.04984539624370132
hwu64,typo,0.2,42,0.766728624535316,0.8159851301115242,0.0492565055762082,0.8918918918918919,0.9300847457627118,0.03819285387081994
hwu64,typo,0.2,84,0.7778810408921933,0.8234200743494424,0.04553903345724908,0.904864864864865,0.9385593220338982,0.0336944571690333
hwu64,typo,0.2,123,0.7620817843866171,0.8150557620817844,0.05297397769516732,0.8864864864864865,0.9290254237288136,0.042538937242327046
hwu64,typo,0.2,256,0.7760223048327137,0.828996282527881,0.05297397769516732,0.9027027027027028,0.944915254237288,0.04221255153458514
hwu64,typo,0.2,512,0.7788104089219331,0.8280669144981413,0.0492565055762082,0.905945945945946,0.9438559322033898,0.037909986257443795
hwu64,typo,0.2,1024,0.7723048327137546,0.8104089219330854,0.03810408921933084,0.8983783783783784,0.923728813559322,0.025350435180943598
hwu64,typo,0.2,2026,0.7732342007434945,0.820631970260223,0.04739776951672858,0.8994594594594596,0.9353813559322034,0.0359218964727438
hwu64,char_delete,0.2,1,0.7964684014869888,0.8513011152416357,0.05483271375464682,0.9264864864864863,0.9703389830508472,0.043852496564360854
hwu64,char_delete,0.2,7,0.7676579925650557,0.8466542750929368,0.07899628252788105,0.892972972972973,0.965042372881356,0.07206939990838301
hwu64,char_delete,0.2,21,0.7806691449814126,0.8429368029739777,0.06226765799256506,0.908108108108108,0.9608050847457626,0.0526969766376546
hwu64,char_delete,0.2,42,0.7927509293680297,0.8447955390334573,0.052044609665427566,0.9221621621621622,0.9629237288135593,0.040761566651397074
hwu64,char_delete,0.2,84,0.7825278810408922,0.8578066914498141,0.07527881040892193,0.9102702702702704,0.9777542372881356,0.06748396701786519
hwu64,char_delete,0.2,123,0.7871747211895911,0.8438661710037175,0.05669144981412644,0.9156756756756758,0.961864406779661,0.04618873110398525
hwu64,char_delete,0.2,256,0.7695167286245354,0.8447955390334573,0.07527881040892193,0.8951351351351352,0.9629237288135593,0.06778859367842405
hwu64,char_delete,0.2,512,0.8011152416356877,0.8513011152416357,0.05018587360594795,0.931891891891892,0.9703389830508472,0.03844709115895517
hwu64,char_delete,0.2,1024,0.7881040892193308,0.8513011152416357,0.06319702602230481,0.9167567567567568,0.9703389830508472,0.053582226294090374
hwu64,char_delete,0.2,2026,0.7806691449814126,0.8475836431226765,0.06691449814126393,0.908108108108108,0.966101694915254,0.05799358680714595
hwu64,word_delete,0.2,1,0.7602230483271375,0.7732342007434945,0.013011152416356975,0.8843243243243243,0.8813559322033898,-0.002968392120934471
hwu64,word_delete,0.2,7,0.7630111524163569,0.79182156133829,0.028810408921933095,0.8875675675675676,0.902542372881356,0.014974805313788364
hwu64,word_delete,0.2,21,0.7769516728624535,0.79182156133829,0.014869888475836479,0.9037837837837838,0.902542372881356,-0.0012414109024277975
hwu64,word_delete,0.2,42,0.7490706319702602,0.7769516728624535,0.027881040892193232,0.8713513513513514,0.8855932203389829,0.014241868987631467
hwu64,word_delete,0.2,84,0.7639405204460966,0.775092936802974,0.01115241635687736,0.8886486486486487,0.8834745762711864,-0.005174072377462258
hwu64,word_delete,0.2,123,0.7713754646840149,0.7862453531598513,0.014869888475836479,0.8972972972972973,0.896186440677966,-0.0011108566193313019
hwu64,word_delete,0.2,256,0.7527881040892194,0.7788104089219331,0.026022304832713727,0.8756756756756757,0.8877118644067796,0.012036188731103903
hwu64,word_delete,0.2,512,0.7704460966542751,0.7927509293680297,0.022304832713754608,0.8962162162162163,0.903601694915254,0.0073854786990377175
hwu64,word_delete,0.2,1024,0.7676579925650557,0.7825278810408922,0.014869888475836479,0.892972972972973,0.8919491525423728,-0.0010238204306001197
hwu64,word_delete,0.2,2026,0.7630111524163569,0.7788104089219331,0.01579925650557623,0.8875675675675676,0.8877118644067796,0.0001442968392120214
hwu64,typo,0.3,1,0.7193308550185874,0.7825278810408922,0.06319702602230481,0.8367567567567569,0.8919491525423728,0.055192395785615966
hwu64,typo,0.3,7,0.6979553903345725,0.7843866171003717,0.08643122676579917,0.811891891891892,0.8940677966101694,0.0821759047182774
hwu64,typo,0.3,21,0.6858736059479554,0.7723048327137546,0.08643122676579917,0.7978378378378379,0.8802966101694915,0.08245877233165355
hwu64,typo,0.3,42,0.7053903345724907,0.79182156133829,0.08643122676579928,0.8205405405405405,0.902542372881356,0.08200183234081548
hwu64,typo,0.3,84,0.7323420074349443,0.7955390334572491,0.06319702602230481,0.851891891891892,0.9067796610169492,0.05488776912505722
hwu64,typo,0.3,123,0.724907063197026,0.7862453531598513,0.06133828996282531,0.8432432432432433,0.896186440677966,0.052943197434722755
hwu64,typo,0.3,256,0.716542750929368,0.7871747211895911,0.07063197026022305,0.8335135135135135,0.8972457627118644,0.06373224919835085
hwu64,typo,0.3,512,0.7258364312267658,0.7964684014869888,0.07063197026022305,0.8443243243243244,0.9078389830508474,0.06351465872652307
hwu64,typo,0.3,1024,0.7202602230483272,0.7825278810408922,0.06226765799256506,0.8378378378378379,0.8919491525423728,0.054111314704534896
hwu64,typo,0.3,2026,0.7053903345724907,0.775092936802974,0.0697026022304833,0.8205405405405405,0.8834745762711864,0.06293403573064593
hwu64,char_delete,0.3,1,0.733271375464684,0.8271375464684015,0.09386617100371752,0.852972972972973,0.9427966101694916,0.08982363719651854
hwu64,char_delete,0.3,7,0.741635687732342,0.828996282527881,0.08736059479553904,0.8627027027027028,0.944915254237288,0.08221255153458518
hwu64,char_delete,0.3,21,0.7360594795539034,0.8327137546468402,0.09665427509293678,0.8562162162162162,0.9491525423728812,0.09293632615666492
hwu64,char_delete,0.3,42,0.7397769516728625,0.8355018587360595,0.09572490706319703,0.8605405405405406,0.9523305084745762,0.0917899679340356
hwu64,char_delete,0.3,84,0.7388475836431226,0.828996282527881,0.0901486988847584,0.8594594594594595,0.944915254237288,0.0854557947778285
hwu64,char_delete,0.3,123,0.7304832713754646,0.820631970260223,0.0901486988847584,0.8497297297297297,0.9353813559322034,0.08565162620247369
hwu64,char_delete,0.3,256,0.7211895910780669,0.8243494423791822,0.10315985130111527,0.8389189189189189,0.9396186440677966,0.1006997251488777
hwu64,char_delete,0.3,512,0.7369888475836431,0.8280669144981413,0.09107806691449816,0.8572972972972973,0.9438559322033898,0.0865586349060925
hwu64,char_delete,0.3,1024,0.7388475836431226,0.828996282527881,0.0901486988847584,0.8594594594594595,0.944915254237288,0.0854557947778285
hwu64,char_delete,0.3,2026,0.7295539033457249,0.8299256505576208,0.1003717472118959,0.8486486486486486,0.9459745762711864,0.09732592762253778
hwu64,word_delete,0.3,1,0.7016728624535316,0.7146840148698885,0.013011152416356975,0.8162162162162162,0.8146186440677966,-0.0015975721484196015
hwu64,word_delete,0.3,7,0.6988847583643123,0.7193308550185874,0.020446096654275103,0.812972972972973,0.8199152542372882,0.0069422812643151754
hwu64,word_delete,0.3,21,0.7044609665427509,0.7211895910780669,0.016728624535315983,0.8194594594594595,0.8220338983050847,0.0025744388456251377
hwu64,word_delete,0.3,42,0.7035315985130112,0.7239776951672863,0.020446096654275103,0.8183783783783785,0.8252118644067796,0.00683348602840117
hwu64,word_delete,0.3,84,0.7230483271375465,0.724907063197026,0.0018587360594795044,0.8410810810810811,0.8262711864406779,-0.014809894640403276
hwu64,word_delete,0.3,123,0.7016728624535316,0.7286245353159851,0.02695167286245359,0.8162162162162162,0.8305084745762712,0.014292258360054988
hwu64,word_delete,0.3,256,0.6858736059479554,0.7239776951672863,0.03810408921933084,0.7978378378378379,0.8252118644067796,0.027374026568941723
hwu64,word_delete,0.3,512,0.7118959107806692,0.724907063197026,0.013011152416356864,0.8281081081081082,0.8262711864406779,-0.0018369216674303246
hwu64,word_delete,0.3,1024,0.6942379182156134,0.7128252788104089,0.018587360594795488,0.8075675675675676,0.8125,0.004932432432432354
hwu64,word_delete,0.3,2026,0.7091078066914498,0.7276951672862454,0.0185873605947956,0.8248648648648649,0.8294491525423728,0.004584287677507959
hwu64,typo,0.4,1,0.6775092936802974,0.7592936802973977,0.0817843866171003,0.7881081081081082,0.8654661016949152,0.07735799358680706
hwu64,typo,0.4,7,0.629182156133829,0.7314126394052045,0.10223048327137552,0.731891891891892,0.8336864406779662,0.10179454878607419
hwu64,typo,0.4,21,0.6552044609665427,0.7537174721189591,0.0985130111524164,0.7621621621621621,0.8591101694915254,0.09694800732936326
hwu64,typo,0.4,42,0.6486988847583643,0.7407063197026023,0.09200743494423791,0.7545945945945947,0.8442796610169492,0.08968506642235452
hwu64,typo,0.4,84,0.645910780669145,0.7462825278810409,0.1003717472118959,0.7513513513513513,0.8506355932203389,0.09928424186898754
hwu64,typo,0.4,123,0.6282527881040892,0.7444237918215614,0.11617100371747213,0.7308108108108109,0.8485169491525424,0.11770613834173149
hwu64,typo,0.4,256,0.637546468401487,0.7444237918215614,0.10687732342007439,0.7416216216216216,0.8485169491525424,0.10689532753092079
hwu64,typo,0.4,512,0.6561338289962825,0.7425650557620818,0.08643122676579928,0.7632432432432432,0.8463983050847457,0.08315506184150245
hwu64,typo,0.4,1024,0.6644981412639405,0.7620817843866171,0.09758364312267664,0.772972972972973,0.8686440677966102,0.09567109482363723
hwu64,typo,0.4,2026,0.6301115241635687,0.7360594795539034,0.10594795539033464,0.7329729729729729,0.8389830508474576,0.10601007787448469
hwu64,char_delete,0.4,1,0.6868029739776952,0.8215613382899628,0.13475836431226762,0.798918918918919,0.9364406779661016,0.13752175904718267
hwu64,char_delete,0.4,7,0.6942379182156134,0.8141263940520446,0.11988847583643114,0.8075675675675676,0.9279661016949152,0.12039853412734758
hwu64,char_delete,0.4,21,0.6840148698884758,0.828996282527881,0.14498141263940523,0.7956756756756757,0.944915254237288,0.1492395785616123
hwu64,char_delete,0.4,42,0.6840148698884758,0.8178438661710037,0.13382899628252787,0.7956756756756757,0.9322033898305084,0.13652771415483278
hwu64,char_delete,0.4,84,0.6868029739776952,0.8131970260223048,0.12639405204460963,0.798918918918919,0.9269067796610168,0.12798786074209778
hwu64,char_delete,0.4,123,0.6663568773234201,0.8039033457249071,0.137546468401487,0.7751351351351352,0.9163135593220338,0.14117842418689863
hwu64,char_delete,0.4,256,0.6830855018587361,0.8150557620817844,0.13197026022304836,0.7945945945945946,0.9290254237288136,0.134430829134219
hwu64,char_delete,0.4,512,0.679368029739777,0.8159851301115242,0.13661710037174724,0.7902702702702703,0.9300847457627118,0.13981447549244153
hwu64,char_delete,0.4,1024,0.6868029739776952,0.8113382899628253,0.12453531598513012,0.798918918918919,0.9247881355932204,0.1258692166743014
hwu64,char_delete,0.4,2026,0.6951672862453532,0.8104089219330854,0.11524163568773227,0.8086486486486487,0.923728813559322,0.1150801649106733
hwu64,word_delete,0.4,1,0.6245353159851301,0.6496282527881041,0.025092936802973975,0.7264864864864865,0.7404661016949152,0.01397961520842872
hwu64,word_delete,0.4,7,0.6078066914498141,0.6505576208178439,0.04275092936802971,0.707027027027027,0.7415254237288135,0.03449839670178645
hwu64,word_delete,0.4,21,0.637546468401487,0.6440520446096655,0.006505576208178487,0.7416216216216216,0.7341101694915254,-0.007511452130096186
hwu64,word_delete,0.4,42,0.6245353159851301,0.6552044609665427,0.0306691449814126,0.7264864864864865,0.746822033898305,0.020335547411818533
hwu64,word_delete,0.4,84,0.6226765799256505,0.6440520446096655,0.021375464684014966,0.7243243243243243,0.7341101694915254,0.009785845167201157
hwu64,word_delete,0.4,123,0.6570631970260223,0.6830855018587361,0.026022304832713727,0.7643243243243244,0.7786016949152542,0.014277370590929817
hwu64,word_delete,0.4,256,0.6691449814126395,0.6960966542750929,0.02695167286245348,0.7783783783783784,0.7934322033898304,0.015053825011452027
hwu64,word_delete,0.4,512,0.6496282527881041,0.6524163568773235,0.0027881040892193676,0.7556756756756757,0.7436440677966102,-0.012031607879065542
hwu64,word_delete,0.4,1024,0.6468401486988847,0.6570631970260223,0.010223048327137607,0.7524324324324324,0.7489406779661016,-0.0034917544663307654
hwu64,word_delete,0.4,2026,0.6635687732342007,0.6821561338289963,0.0185873605947956,0.7718918918918919,0.777542372881356,0.0056504809894640795
